Source_Name,Micro_Class,Micro_Conf,Final_Class
4FGL J0001.2+4741,bll,0.7716946683693829,predicted_bll
4FGL J0001.6-4156,bll,0.989971098265896,predicted_bll
4FGL J0001.8-2153,bll,0.76,predicted_bll
4FGL J0002.3-0815,bll,0.7854590570719604,predicted_bll
4FGL J0002.4-5156,bll,0.929886352503184,predicted_bll
4FGL J0003.1-5248,bll,0.964971098265896,predicted_bll
4FGL J0003.3-0703,bll,0.9048475609756096,predicted_bll
4FGL J0003.3-1928,fsrq,0.5539551539491299,remains_bcu
4FGL J0003.3-5905,bll,0.715,predicted_bll
4FGL J0003.5+0717,bll,0.8397379032258064,predicted_bll
4FGL J0007.5-5247,fsrq,0.6845,remains_bcu
4FGL J0007.7+4008,bll,0.9430816193145928,predicted_bll
4FGL J0008.0-3937,fsrq,0.9425,predicted_fsrq
4FGL J0008.4+6837,fsrq,0.9181968058180904,predicted_fsrq
4FGL J0008.4+1455,bll,0.9514315565613032,predicted_bll
4FGL J0009.8+1340,bll,0.8747916666666667,predicted_bll
4FGL J0009.8-6358,fsrq,0.83,predicted_fsrq
4FGL J0010.8-2154,bll,0.709375,predicted_bll
4FGL J0011.4-4110,bll,0.5953125,remains_bcu
4FGL J0011.8-3142,bll,0.8641666666666667,predicted_bll
4FGL J0012.0+7043,fsrq,0.7543393766674751,predicted_fsrq
4FGL J0013.4+0950,bll,0.7895985401459853,predicted_bll
4FGL J0014.3-0500,fsrq,0.5548148148148148,remains_bcu
4FGL J0014.8+6118,bll,0.975,predicted_bll
4FGL J0014.9+3212,fsrq,0.9946299153669896,predicted_fsrq
4FGL J0017.0-0649,bll,0.7705151515151516,predicted_bll
4FGL J0019.2-5640,fsrq,0.8333333333333335,predicted_fsrq
4FGL J0020.3+6919,fsrq,0.7848995983935743,predicted_fsrq
4FGL J0021.5-2221,fsrq,0.9248995983935744,predicted_fsrq
4FGL J0024.4+4647,fsrq,0.8541666666666665,predicted_fsrq
4FGL J0024.5-0810,fsrq,0.7848995983935743,predicted_fsrq
4FGL J0025.7-4801,bll,0.5360416666666667,remains_bcu
4FGL J0028.1+7505,bll,0.8943835034013605,predicted_bll
4FGL J0029.4+2051,bll,0.9748475609756098,predicted_bll
4FGL J0032.3-5522,fsrq,0.685,remains_bcu
4FGL J0032.5-4724,bll,0.97,predicted_bll
4FGL J0033.9+3858,bll,0.6582961183899507,remains_bcu
4FGL J0034.0-4116,fsrq,0.9791972174411931,predicted_fsrq
4FGL J0035.0-5728,fsrq,0.7233333333333333,predicted_fsrq
4FGL J0035.8+6131,fsrq,0.9498592758129292,predicted_fsrq
4FGL J0036.8+1431,bll,0.56,remains_bcu
4FGL J0036.9+1832,fsrq,0.78,predicted_fsrq
4FGL J0039.1+4330,bll,0.91,predicted_bll
4FGL J0040.9+3203,fsrq,0.5294450529390288,remains_bcu
4FGL J0041.3+6052,fsrq,0.8,predicted_fsrq
4FGL J0041.7-1607,bll,0.9498186592415055,predicted_bll
4FGL J0043.6+2223,fsrq,0.600314498933902,remains_bcu
4FGL J0044.8+6802,fsrq,0.9097513440860214,predicted_fsrq
4FGL J0044.9+4553,fsrq,0.5814583333333333,remains_bcu
4FGL J0047.1-6203,fsrq,0.665,remains_bcu
4FGL J0047.9+5448,bll,0.914875,predicted_bll
4FGL J0048.6-2427,bll,0.9270500901443594,predicted_bll
4FGL J0049.2+6227,bll,0.6968518518518519,remains_bcu
4FGL J0049.5-4150,bll,0.8877904369394686,predicted_bll
4FGL J0050.8-3428,bll,0.67,remains_bcu
4FGL J0052.9-6644,bll,0.9598195831143808,predicted_bll
4FGL J0054.4+8627,fsrq,0.9842329317269076,predicted_fsrq
4FGL J0054.8-1954,fsrq,0.6598591549295775,remains_bcu
4FGL J0055.1-1219,fsrq,0.8134769257209016,predicted_fsrq
4FGL J0056.6-5317,bll,0.8334073083778967,predicted_bll
4FGL J0057.0+4101,bll,0.8594366020715002,predicted_bll
4FGL J0057.3+2216,bll,0.918412030295676,predicted_bll
4FGL J0058.6-1140,bll,0.8509404640493652,predicted_bll
4FGL J0102.0+1639,bll,0.9324106231662204,predicted_bll
4FGL J0102.1+5846,bll,0.5954545454545455,remains_bcu
4FGL J0102.6-5639,bll,0.9284326367274344,predicted_bll
4FGL J0102.7-2001,bll,0.9597627649325624,predicted_bll
4FGL J0103.1+4954,fsrq,0.9296263440860216,predicted_fsrq
4FGL J0106.9-4832,bll,0.685,remains_bcu
4FGL J0107.6+4950,bll,0.8548076923076923,predicted_bll
4FGL J0109.3+2401,bll,0.9789928525955576,predicted_bll
4FGL J0110.3-0431,fsrq,0.525,remains_bcu
4FGL J0110.9+4344,bll,0.54,remains_bcu
4FGL J0111.4-7304,bll,0.7987923904052937,predicted_bll
4FGL J0111.5-2546,fsrq,0.78,predicted_fsrq
4FGL J0112.8-0253,bll,0.8023504901960784,predicted_bll
4FGL J0114.0+6418,bll,0.8819099051633299,predicted_bll
4FGL J0115.1+2622,bll,0.6288789682539683,remains_bcu
4FGL J0115.6-5653,bll,0.87,predicted_bll
4FGL J0118.7-0848,fsrq,0.9798382487003228,predicted_fsrq
4FGL J0119.4-5354,bll,0.605,remains_bcu
4FGL J0119.9+4053,bll,0.7781478026533998,predicted_bll
4FGL J0121.7+5153,bll,0.959,predicted_bll
4FGL J0122.1-3004,bll,0.865,predicted_bll
4FGL J0125.4+3200,fsrq,0.9798995983935742,predicted_fsrq
4FGL J0125.8+2605,bll,0.59,remains_bcu
4FGL J0126.5-1553,fsrq,0.7548979591836735,predicted_fsrq
4FGL J0127.4-4813,bll,0.6173958333333334,remains_bcu
4FGL J0128.2-1722,fsrq,0.65,remains_bcu
4FGL J0128.2+4400,fsrq,0.865,predicted_fsrq
4FGL J0128.3+5710,bll,0.5625613496932516,remains_bcu
4FGL J0129.0+6312,fsrq,0.8098995983935743,predicted_fsrq
4FGL J0130.4-2129,bll,0.85,predicted_bll
4FGL J0130.6+1844,bll,0.9685431113019974,predicted_bll
4FGL J0131.2+5547,bll,0.9731781415599908,predicted_bll
4FGL J0132.8+4324,fsrq,0.5775,remains_bcu
4FGL J0133.2-4533,bll,0.8698186592415057,predicted_bll
4FGL J0133.7-5527,bll,0.6993283582089552,remains_bcu
4FGL J0135.0+5338,fsrq,0.6328333333333334,remains_bcu
4FGL J0135.3-2728,bll,0.65,remains_bcu
4FGL J0136.8+2032,fsrq,0.885,predicted_fsrq
4FGL J0138.6+2923,fsrq,0.9499596774193548,predicted_fsrq
4FGL J0140.6+8736,bll,0.6837458833311595,remains_bcu
4FGL J0143.1-3622,fsrq,0.999580042003136,predicted_fsrq
4FGL J0143.3-0119,bll,0.5301851851851852,remains_bcu
4FGL J0145.9+2319,fsrq,0.7218796992481202,predicted_fsrq
4FGL J0146.3+4606,bll,0.70413813303099,predicted_bll
4FGL J0147.6+1547,bll,0.51,remains_bcu
4FGL J0147.6-6028,bll,0.9398186592415056,predicted_bll
4FGL J0147.6-0825,fsrq,0.8796384101661857,predicted_fsrq
4FGL J0147.7-1321,bll,0.7395,predicted_bll
4FGL J0149.6-0734,fsrq,0.505,remains_bcu
4FGL J0150.5-3337,fsrq,0.755,predicted_fsrq
4FGL J0150.6-5448,bll,0.9574496098215348,predicted_bll
4FGL J0151.0+0539,bll,0.8743901098901099,predicted_bll
4FGL J0151.4-3607,fsrq,0.535,remains_bcu
4FGL J0151.7+5455,fsrq,0.9423892806088228,predicted_fsrq
4FGL J0152.2+3714,fsrq,0.6843055928836912,remains_bcu
4FGL J0154.5-6604,fsrq,0.865,predicted_fsrq
4FGL J0155.4-0625,bll,0.56,remains_bcu
4FGL J0156.1+1502,bll,0.9763044315992292,predicted_bll
4FGL J0156.6-1758,bll,0.8624138269397738,predicted_bll
4FGL J0156.9+4648,fsrq,0.735,predicted_fsrq
4FGL J0156.9-3235,bll,0.8698475609756098,predicted_bll
4FGL J0158.5-5005,fsrq,0.9495149830089588,predicted_fsrq
4FGL J0158.9+7037,bll,0.5745918367346939,remains_bcu
4FGL J0159.3-4523,fsrq,0.65,remains_bcu
4FGL J0201.1-4347,bll,0.9043044315992294,predicted_bll
4FGL J0202.3-0605,bll,0.5969230769230769,remains_bcu
4FGL J0202.9-0225,bll,0.8349462365591398,predicted_bll
4FGL J0203.9+5411,bll,0.6778061224489795,remains_bcu
4FGL J0204.1-2919,bll,0.8748863525031841,predicted_bll
4FGL J0204.3-3140,bll,0.949971098265896,predicted_bll
4FGL J0204.8+1513,fsrq,0.8399418655668656,predicted_fsrq
4FGL J0205.2-3050,fsrq,0.665,remains_bcu
4FGL J0206.4+3829,bll,0.97,predicted_bll
4FGL J0206.8-5744,bll,0.9803494558969011,predicted_bll
4FGL J0207.5-1049,fsrq,0.715,predicted_fsrq
4FGL J0207.5-2402,bll,0.5387212150906417,remains_bcu
4FGL J0207.9+2203,bll,0.824430894308943,predicted_bll
4FGL J0207.9+0953,fsrq,0.5599107142857143,remains_bcu
4FGL J0209.7+6437,fsrq,0.865,predicted_fsrq
4FGL J0210.1+2518,bll,0.9692147107121392,predicted_bll
4FGL J0210.5-1445,bll,0.7539712153518124,predicted_bll
4FGL J0212.2-2559,bll,0.8743283582089552,predicted_bll
4FGL J0212.8-2721,bll,0.5696428571428571,remains_bcu
4FGL J0213.8-6949,bll,0.9798475609756098,predicted_bll
4FGL J0214.2-7025,fsrq,0.9948983277261032,predicted_fsrq
4FGL J0214.4-5822,bll,0.81,predicted_bll
4FGL J0214.6-4333,bll,0.8699710982658959,predicted_bll
4FGL J0214.8-6150,fsrq,0.715,predicted_fsrq
4FGL J0214.9-3722,fsrq,0.8946192528735633,predicted_fsrq
4FGL J0215.3+7555,bll,0.9297225609756096,predicted_bll
4FGL J0215.9+0521,bll,0.7560714285714286,predicted_bll
4FGL J0215.9+0300,bll,0.9572113004618196,predicted_bll
4FGL J0216.6-1015,fsrq,0.5749249903213318,remains_bcu
4FGL J0216.8+0510,bll,0.9198612081560058,predicted_bll
4FGL J0218.7+2640,bll,0.972886352503184,predicted_bll
4FGL J0218.9-2305,fsrq,0.9699596774193548,predicted_fsrq
4FGL J0218.9+3643,fsrq,0.9998188323489324,predicted_fsrq
4FGL J0221.2-1312,fsrq,0.769,predicted_fsrq
4FGL J0221.8+3730,fsrq,0.5194446343130553,remains_bcu
4FGL J0223.5+5415,bll,0.9848224353474692,predicted_bll
4FGL J0223.5+3912,bll,0.9288444712862578,predicted_bll
4FGL J0223.5-0928,fsrq,0.6403168202764976,remains_bcu
4FGL J0224.0-1850,bll,0.8999152542372881,predicted_bll
4FGL J0224.2+1616,bll,0.888488247863248,predicted_bll
4FGL J0225.1-2604,fsrq,1.0,predicted_fsrq
4FGL J0225.5-5618,bll,0.7748475609756098,predicted_bll
4FGL J0225.6-4502,fsrq,0.8195,predicted_fsrq
4FGL J0225.8+1310,bll,0.8786616915422886,predicted_bll
4FGL J0226.3-1845,fsrq,0.8548809523809524,predicted_fsrq
4FGL J0226.6-0553,bll,0.7946559968208388,predicted_bll
4FGL J0226.7+2312,bll,0.8194117647058823,predicted_bll
4FGL J0227.0-1739,fsrq,0.68,remains_bcu
4FGL J0227.3-6119,bll,0.5017499999999999,remains_bcu
4FGL J0227.8+2246,fsrq,0.6857142857142857,remains_bcu
4FGL J0228.1+8208,fsrq,0.79,predicted_fsrq
4FGL J0228.2-3102,bll,0.82,predicted_bll
4FGL J0228.5-2234,bll,0.7501851851851852,predicted_bll
4FGL J0230.0-5236,fsrq,0.575,remains_bcu
4FGL J0233.0+3740,bll,0.929380707762557,predicted_bll
4FGL J0233.5+0654,bll,0.55,remains_bcu
4FGL J0233.9+8041,bll,0.945,predicted_bll
4FGL J0237.1-0714,bll,0.8999710982658959,predicted_bll
4FGL J0237.6+0923,bll,0.6196513605442177,remains_bcu
4FGL J0238.2+1531,fsrq,0.8843026172821351,predicted_fsrq
4FGL J0239.5+1326,bll,0.59,remains_bcu
4FGL J0239.5-1353,fsrq,0.655625,remains_bcu
4FGL J0240.6+3528,bll,0.9445045045045046,predicted_bll
4FGL J0240.8-3401,bll,0.9590812852538276,predicted_bll
4FGL J0241.9-1603,bll,0.9698186592415056,predicted_bll
4FGL J0242.3+5216,fsrq,0.9794829317269076,predicted_fsrq
4FGL J0242.6+1735,bll,0.5363589050077863,remains_bcu
4FGL J0243.7+0321,bll,0.57,remains_bcu
4FGL J0244.7+1316,fsrq,0.9898983277261032,predicted_fsrq
4FGL J0245.4-5950,bll,0.8632138974696576,predicted_bll
4FGL J0246.6-3348,bll,0.9147916666666666,predicted_bll
4FGL J0248.0+2232,bll,0.9296671440899904,predicted_bll
4FGL J0248.6+5131,bll,1.0,predicted_bll
4FGL J0248.6-3511,fsrq,0.97,predicted_fsrq
4FGL J0249.7+4500,bll,0.9936937148217636,predicted_bll
4FGL J0250.2-8224,fsrq,0.9893420866564852,predicted_fsrq
4FGL J0250.3-3422,bll,0.6829464285714286,remains_bcu
4FGL J0250.6+8435,bll,0.85375,predicted_bll
4FGL J0250.7+5630,bll,0.96989010989011,predicted_bll
4FGL J0254.5-7511,fsrq,0.9037916666666668,predicted_fsrq
4FGL J0257.0+3358,bll,0.9362258159352962,predicted_bll
4FGL J0259.3+5453,bll,0.885,predicted_bll
4FGL J0259.4+0308,bll,0.9486937148217636,predicted_bll
4FGL J0259.5-1705,bll,0.949971098265896,predicted_bll
4FGL J0300.2-0514,bll,0.6351020408163265,remains_bcu
4FGL J0301.2+2546,bll,0.868412030295676,predicted_bll
4FGL J0301.9-2731,bll,0.6889583333333335,remains_bcu
4FGL J0303.2+3149,fsrq,0.7946896258503402,predicted_fsrq
4FGL J0303.4-5232,fsrq,0.9948382487003228,predicted_fsrq
4FGL J0304.5+3349,fsrq,0.96,predicted_fsrq
4FGL J0304.5+6821,fsrq,0.9648995983935742,predicted_fsrq
4FGL J0308.1-2852,bll,0.9320260077816048,predicted_bll
4FGL J0310.8-1041,bll,0.9335355675859622,predicted_bll
4FGL J0310.9-3458,bll,0.9175367647058824,predicted_bll
4FGL J0311.2+6856,bll,0.8141353021793459,predicted_bll
4FGL J0311.5-4402,bll,0.7008355315911285,predicted_bll
4FGL J0311.6+4134,bll,0.7744117647058824,predicted_bll
4FGL J0312.4-3221,bll,0.8335418590476431,predicted_bll
4FGL J0313.0+0229,fsrq,0.9939254199898184,predicted_fsrq
4FGL J0315.4-2643,bll,0.979971098265896,predicted_bll
4FGL J0315.5+4231,bll,0.9106353966452848,predicted_bll
4FGL J0316.0-5626,bll,0.8724253133371601,predicted_bll
4FGL J0316.9-0625,bll,0.969971098265896,predicted_bll
4FGL J0317.9+2010,bll,0.8788461538461538,predicted_bll
4FGL J0319.4-7045,bll,0.984971098265896,predicted_bll
4FGL J0319.9-3821,fsrq,0.76453125,predicted_fsrq
4FGL J0320.6+1125,bll,0.9241262210012212,predicted_bll
4FGL J0321.3+0425,fsrq,0.8195,predicted_fsrq
4FGL J0322.4+6606,fsrq,0.9748995983935742,predicted_fsrq
4FGL J0322.9+0940,bll,0.853420223180551,predicted_bll
4FGL J0324.3-1313,fsrq,0.8432792207792208,predicted_fsrq
4FGL J0324.8-2043,bll,0.89,predicted_bll
4FGL J0325.2+4705,fsrq,0.9999386503067484,predicted_fsrq
4FGL J0325.9-1843,bll,0.51125,remains_bcu
4FGL J0326.7-3404,bll,0.8517948717948717,predicted_bll
4FGL J0327.0-3751,bll,0.565,remains_bcu
4FGL J0327.5-1805,fsrq,0.9399596774193548,predicted_fsrq
4FGL J0328.9+3514,fsrq,0.945,predicted_fsrq
4FGL J0330.6+4659,fsrq,0.9886912650602409,predicted_fsrq
4FGL J0330.6+0438,fsrq,0.6057269454444753,remains_bcu
4FGL J0330.7-2408,bll,0.9695596304380552,predicted_bll
4FGL J0331.1-5243,fsrq,0.51,remains_bcu
4FGL J0332.2-1737,fsrq,0.915,predicted_fsrq
4FGL J0332.8+1557,bll,0.655,remains_bcu
4FGL J0333.1+8227,bll,0.9842105263157894,predicted_bll
4FGL J0333.3+0233,bll,0.769,predicted_bll
4FGL J0333.8+4007,bll,0.9648475609756098,predicted_bll
4FGL J0335.8+2733,bll,0.8782339988841065,predicted_bll
4FGL J0338.7-5319,bll,0.9398186592415056,predicted_bll
4FGL J0338.9-2848,bll,0.985,predicted_bll
4FGL J0340.5-0256,bll,0.7681891600861449,predicted_bll
4FGL J0342.8-3007,bll,0.7818033751962322,predicted_bll
4FGL J0344.2+3203c,fsrq,0.8,predicted_fsrq
4FGL J0344.4+3432,bll,0.98,predicted_bll
4FGL J0345.5-3301,bll,0.7593283582089552,predicted_bll
4FGL J0347.6-0133,bll,0.993971098265896,predicted_bll
4FGL J0347.7-3616,bll,0.65,remains_bcu
4FGL J0348.2+6035,bll,0.97,predicted_bll
4FGL J0348.8-0828,bll,0.5639880952380952,remains_bcu
4FGL J0348.8+4610,fsrq,0.9242329317269076,predicted_fsrq
4FGL J0348.9-4859,fsrq,0.635,remains_bcu
4FGL J0349.6+2410,fsrq,0.9899386503067484,predicted_fsrq
4FGL J0350.0+0640,bll,0.84,predicted_bll
4FGL J0350.4-5144,bll,0.9936937148217636,predicted_bll
4FGL J0350.6-3226,fsrq,0.8448181818181818,predicted_fsrq
4FGL J0351.2-6103,bll,0.7946139554087531,predicted_bll
4FGL J0351.6+2921,fsrq,0.595,remains_bcu
4FGL J0352.0-2516,bll,0.5989351851851852,remains_bcu
4FGL J0354.4+4643,fsrq,0.9848592758129292,predicted_fsrq
4FGL J0355.3+3909,bll,0.9736937148217636,predicted_bll
4FGL J0356.1-1329,bll,0.94,predicted_bll
4FGL J0357.2+2320,bll,0.5051851851851852,remains_bcu
4FGL J0357.2-0319,bll,0.982846153846154,predicted_bll
4FGL J0358.0-6946,bll,0.6628333333333333,remains_bcu
4FGL J0358.5-5432,fsrq,0.75453125,predicted_fsrq
4FGL J0358.6+0634,fsrq,0.8497513440860215,predicted_fsrq
4FGL J0358.7+7649,bll,0.7493006993006993,predicted_bll
4FGL J0359.4-0236,bll,0.929971098265896,predicted_bll
4FGL J0400.7+3920,bll,0.8135714285714286,predicted_bll
4FGL J0401.0-5353,bll,0.994971098265896,predicted_bll
4FGL J0401.3+0412,fsrq,0.655,remains_bcu
4FGL J0401.9-2034,fsrq,0.7644829317269077,predicted_fsrq
4FGL J0402.0+2737,fsrq,0.9049386503067484,predicted_fsrq
4FGL J0402.9+6433,bll,0.8982116875653462,predicted_bll
4FGL J0404.1-1715,bll,0.9270260077816048,predicted_bll
4FGL J0404.3-1559,fsrq,0.51,remains_bcu
4FGL J0409.4+3201,bll,0.96,predicted_bll
4FGL J0410.9+4216,bll,0.6697136580209121,remains_bcu
4FGL J0411.7+3041,fsrq,0.6532329317269077,remains_bcu
4FGL J0412.3+0239,bll,0.74,predicted_bll
4FGL J0412.6-5434,bll,0.9417881059371376,predicted_bll
4FGL J0412.7-3927,bll,0.964971098265896,predicted_bll
4FGL J0415.2-5741,bll,0.84,predicted_bll
4FGL J0416.0-4743,fsrq,0.695,remains_bcu
4FGL J0416.4-2059,bll,0.515,remains_bcu
4FGL J0418.1-0252,fsrq,0.5675833333333333,remains_bcu
4FGL J0418.4+3414,bll,0.57,remains_bcu
4FGL J0420.0+0805,fsrq,0.635,remains_bcu
4FGL J0420.3-3745,bll,0.7788365751710602,predicted_bll
4FGL J0421.0-0752,fsrq,0.745,predicted_fsrq
4FGL J0423.1+2106,fsrq,0.5348148148148149,remains_bcu
4FGL J0423.7+0831,bll,0.968180894308943,predicted_bll
4FGL J0425.3+6319,bll,0.9848170731707316,predicted_bll
4FGL J0426.5+2007,fsrq,0.7193995983935744,predicted_fsrq
4FGL J0426.7+6826,bll,0.8532674812932167,predicted_bll
4FGL J0427.3-3900,fsrq,0.967460017828116,predicted_fsrq
4FGL J0427.5-1831,bll,0.825,predicted_bll
4FGL J0428.7-5003,bll,0.525,remains_bcu
4FGL J0429.0-0006,fsrq,0.924047619047619,predicted_fsrq
4FGL J0429.8+2843,bll,0.9788390775580964,predicted_bll
4FGL J0430.3+1654,fsrq,0.5595687507784282,remains_bcu
4FGL J0431.2-0358,fsrq,0.9381666666666666,predicted_fsrq
4FGL J0432.0+1732,fsrq,0.6348591549295775,remains_bcu
4FGL J0433.5-1039,bll,0.6926149963707566,remains_bcu
4FGL J0434.3-2517,fsrq,0.8,predicted_fsrq
4FGL J0436.2-0038,bll,0.6245918367346939,remains_bcu
4FGL J0436.7-7148,bll,0.7647826086956522,predicted_bll
4FGL J0436.8-5223,fsrq,0.8853684408684239,predicted_fsrq
4FGL J0437.2-5846,fsrq,0.664375,remains_bcu
4FGL J0439.2+2151,fsrq,0.8486218206157965,predicted_fsrq
4FGL J0439.4-3202,bll,0.9993828629717784,predicted_bll
4FGL J0440.2+4246,bll,0.754,predicted_bll
4FGL J0440.4+1440,fsrq,0.7746567125068253,predicted_fsrq
4FGL J0441.3-2617,bll,0.985,predicted_bll
4FGL J0444.5+0719,fsrq,0.8249386503067484,predicted_fsrq
4FGL J0444.6+3425,bll,0.8747919475425912,predicted_bll
4FGL J0446.3-1729,bll,0.885,predicted_bll
4FGL J0447.2-2539,bll,0.985,predicted_bll
4FGL J0447.4-2747,fsrq,0.675,remains_bcu
4FGL J0449.6+3027,fsrq,0.7098995983935743,predicted_fsrq
4FGL J0450.3-4419,fsrq,0.8448995983935742,predicted_fsrq
4FGL J0450.4+7230,bll,0.7871447544480131,predicted_bll
4FGL J0450.7-4938,bll,0.69,remains_bcu
4FGL J0450.8-2327,bll,0.6633333333333334,remains_bcu
4FGL J0451.8+5721,bll,0.935,predicted_bll
4FGL J0452.0+2100,bll,0.8942225609756097,predicted_bll
4FGL J0453.5-1233,fsrq,0.7938275862068965,predicted_fsrq
4FGL J0453.9+3727,bll,0.7645114695891004,predicted_bll
4FGL J0456.2+2702,fsrq,0.9999596774193548,predicted_fsrq
4FGL J0456.3-1634,bll,0.9532793059710885,predicted_bll
4FGL J0456.4-4043,bll,0.62,remains_bcu
4FGL J0458.0+1152,bll,0.9688215776752364,predicted_bll
4FGL J0458.6+5509,fsrq,0.7799386503067484,predicted_fsrq
4FGL J0459.2-2612,fsrq,0.575,remains_bcu
4FGL J0459.4+1921,bll,0.8695045045045046,predicted_bll
4FGL J0459.7-4529,fsrq,0.9796013591207848,predicted_fsrq
4FGL J0500.1+5447,bll,0.53,remains_bcu
4FGL J0500.4-5321,fsrq,0.525,remains_bcu
4FGL J0501.0+2424,bll,0.9993333333333334,predicted_bll
4FGL J0501.0-2423,fsrq,0.9548382487003227,predicted_fsrq
4FGL J0501.7+3048,bll,0.9707300588778351,predicted_bll
4FGL J0502.5+3438,fsrq,0.8886252477442237,predicted_fsrq
4FGL J0503.6+4518,bll,0.9648475609756098,predicted_bll
4FGL J0504.3-0955,bll,0.85,predicted_bll
4FGL J0505.6+6405,fsrq,0.8807329317269076,predicted_fsrq
4FGL J0505.8+3322,bll,0.9219312881937344,predicted_bll
4FGL J0506.0-0357c,bll,0.795,predicted_bll
4FGL J0507.4-3346,bll,0.994971098265896,predicted_bll
4FGL J0507.9+4647,fsrq,0.8965141119178648,predicted_fsrq
4FGL J0508.2+5211,bll,0.7354831932773109,predicted_bll
4FGL J0509.1+1943,fsrq,0.8483333333333334,predicted_fsrq
4FGL J0509.1-7317,bll,0.75,predicted_bll
4FGL J0509.2+5550,bll,0.6454166666666667,remains_bcu
4FGL J0509.3-2917,bll,0.880010302179346,predicted_bll
4FGL J0510.4-1809,fsrq,0.84,predicted_fsrq
4FGL J0511.4-6804,bll,0.6598901098901098,remains_bcu
4FGL J0512.8+4041,bll,0.5098611111111111,remains_bcu
4FGL J0514.5+6247,bll,0.8223047223902725,predicted_bll
4FGL J0515.5-0125,bll,0.9456909173379024,predicted_bll
4FGL J0515.9+0537,bll,0.757621406627167,predicted_bll
4FGL J0516.1-7240,fsrq,0.7052455357142857,predicted_fsrq
4FGL J0516.7+2743,bll,0.7,predicted_bll
4FGL J0517.7-1758,fsrq,0.9897275759822092,predicted_fsrq
4FGL J0517.9-6930c,fsrq,0.895,predicted_fsrq
4FGL J0519.0+0851,fsrq,0.748125,predicted_fsrq
4FGL J0519.6+2744,bll,0.9195045045045046,predicted_bll
4FGL J0520.4+3607,fsrq,0.9646896258503402,predicted_fsrq
4FGL J0520.6+6531,bll,0.9598475609756096,predicted_bll
4FGL J0521.4-2957,bll,0.92,predicted_bll
4FGL J0521.8+5658c,fsrq,0.769375,predicted_fsrq
4FGL J0521.8-3848,fsrq,0.9394909274193548,predicted_fsrq
4FGL J0524.1-5659,fsrq,0.7393979591836736,predicted_fsrq
4FGL J0524.5+2839,bll,0.9771435797637024,predicted_bll
4FGL J0524.5-2614,bll,0.6331043956043956,remains_bcu
4FGL J0524.6-2819,fsrq,0.9190662650602408,predicted_fsrq
4FGL J0525.6-6013,bll,0.9749462365591398,predicted_bll
4FGL J0526.1+6318,bll,0.7172469358598391,predicted_bll
4FGL J0526.3+2246,bll,0.86236507927071,predicted_bll
4FGL J0529.1-0101,bll,0.6734950248756217,remains_bcu
4FGL J0529.1+0935,bll,0.9741976289207144,predicted_bll
4FGL J0529.3-7243,fsrq,0.7449596774193549,predicted_fsrq
4FGL J0530.4+3303,bll,0.9381410221196808,predicted_bll
4FGL J0532.7+5749,fsrq,0.8397916666666667,predicted_fsrq
4FGL J0532.8-3941,fsrq,0.9649386503067484,predicted_fsrq
4FGL J0532.9+6936,bll,0.7017045454545454,predicted_bll
4FGL J0533.0-8446,fsrq,0.585,remains_bcu
4FGL J0533.1-6119,fsrq,0.754375,predicted_fsrq
4FGL J0533.3-5549,fsrq,0.9698995983935742,predicted_fsrq
4FGL J0535.7-6604c,bll,0.9946377649325626,predicted_bll
4FGL J0536.0-2754,fsrq,0.79472554539057,predicted_fsrq
4FGL J0536.5-2548,bll,0.9820270481550968,predicted_bll
4FGL J0538.6+0443,bll,0.92,predicted_bll
4FGL J0539.0+1644,bll,0.9748475609756098,predicted_bll
4FGL J0539.7-1030,bll,0.6053575989782887,remains_bcu
4FGL J0539.7-0521c,fsrq,0.93,predicted_fsrq
4FGL J0540.0+1209,fsrq,0.5597127739984883,remains_bcu
4FGL J0541.1-4854,bll,0.9035355675859624,predicted_bll
4FGL J0541.4-7334,bll,0.75,predicted_bll
4FGL J0542.4+3547c,fsrq,0.8598995983935742,predicted_fsrq
4FGL J0542.8-3458,bll,0.935,predicted_bll
4FGL J0542.9-0913,fsrq,0.9035416666666668,predicted_fsrq
4FGL J0543.2+8238,fsrq,0.9599386503067484,predicted_fsrq
4FGL J0545.0+0613c,fsrq,0.7798275862068965,predicted_fsrq
4FGL J0548.5-5218,bll,0.8433333333333334,predicted_bll
4FGL J0549.0+3258c,bll,0.9845890410958904,predicted_bll
4FGL J0550.9+2552c,fsrq,0.7595000000000001,predicted_fsrq
4FGL J0551.0-1622,fsrq,0.579375,remains_bcu
4FGL J0551.8-3517,bll,0.8243283582089552,predicted_bll
4FGL J0552.4+3755,fsrq,0.8246666666666667,predicted_fsrq
4FGL J0552.8+0313,fsrq,0.78453125,predicted_fsrq
4FGL J0554.3-1009c,fsrq,0.8397271846004708,predicted_fsrq
4FGL J0555.1+0304,fsrq,0.8848995983935742,predicted_fsrq
4FGL J0557.2+7705,bll,0.9222868134186863,predicted_bll
4FGL J0557.3-0615,bll,0.963916269210387,predicted_bll
4FGL J0557.4-0302,fsrq,0.6,remains_bcu
4FGL J0557.6-0721,bll,0.905,predicted_bll
4FGL J0558.1-2859,bll,0.7695833333333334,predicted_bll
4FGL J0559.6+3044,bll,0.9698475609756098,predicted_bll
4FGL J0559.7-1817,fsrq,0.64,remains_bcu
4FGL J0559.9+6409,bll,0.91372415984916,predicted_bll
4FGL J0601.3+5444,bll,0.99,predicted_bll
4FGL J0602.8+6041,fsrq,0.6654521878619815,remains_bcu
4FGL J0603.0-2936,fsrq,0.6848995983935743,remains_bcu
4FGL J0603.9+2159,fsrq,0.725,predicted_fsrq
4FGL J0604.5-4851,fsrq,0.5360930735930736,remains_bcu
4FGL J0604.8+4411,fsrq,0.9998995983935742,predicted_fsrq
4FGL J0604.9-0000,bll,0.9597385947385948,predicted_bll
4FGL J0606.5-4730,bll,0.9977794344549286,predicted_bll
4FGL J0606.9+4402,bll,0.9386937148217636,predicted_bll
4FGL J0608.8+5553,fsrq,0.8696064814814816,predicted_fsrq
4FGL J0608.9-5456,fsrq,1.0,predicted_fsrq
4FGL J0609.5+1402,fsrq,0.7798275862068965,predicted_fsrq
4FGL J0610.7+1656,fsrq,0.87,predicted_fsrq
4FGL J0611.1+4325,bll,1.0,predicted_bll
4FGL J0611.6-2712,fsrq,0.9490901792022532,predicted_fsrq
4FGL J0612.5-3934,fsrq,0.7183333333333333,predicted_fsrq
4FGL J0613.6+1709,fsrq,0.73,predicted_fsrq
4FGL J0614.8+6136,fsrq,0.9348592758129292,predicted_fsrq
4FGL J0614.9+2426,bll,0.6283333333333334,remains_bcu
4FGL J0616.7-1049,fsrq,0.9438995983935744,predicted_fsrq
4FGL J0616.9+4340,bll,0.96,predicted_bll
4FGL J0617.9-0319,fsrq,0.7783333333333333,predicted_fsrq
4FGL J0618.9-1138,fsrq,0.77453125,predicted_fsrq
4FGL J0620.0+5733,bll,0.92,predicted_bll
4FGL J0620.3+3804,fsrq,0.78472554539057,predicted_fsrq
4FGL J0620.5-2512,fsrq,1.0,predicted_fsrq
4FGL J0621.2-4648,fsrq,0.885,predicted_fsrq
4FGL J0621.2-2213,fsrq,0.5355413368829722,remains_bcu
4FGL J0622.7-4141,bll,0.6567713239141811,remains_bcu
4FGL J0622.9+3326,fsrq,0.78,predicted_fsrq
4FGL J0623.0-3010,fsrq,0.9397513440860216,predicted_fsrq
4FGL J0623.6-3351,fsrq,0.8247709426005485,predicted_fsrq
4FGL J0624.1-6330,bll,0.82467158232303,predicted_bll
4FGL J0624.2-2943,bll,0.908846153846154,predicted_bll
4FGL J0626.8-2603,fsrq,0.8298275862068966,predicted_fsrq
4FGL J0627.0+2623,bll,0.9998475609756098,predicted_bll
4FGL J0628.6-6711,fsrq,0.7952698412698411,predicted_fsrq
4FGL J0628.6+6900,bll,0.9669127507884662,predicted_bll
4FGL J0629.6+2435,bll,0.9698475609756098,predicted_bll
4FGL J0630.1-2010,bll,0.7894117647058824,predicted_bll
4FGL J0630.2+3228,bll,0.8712401229148375,predicted_bll
4FGL J0631.1+2020,fsrq,0.7142857142857143,predicted_fsrq
4FGL J0632.0-1032,fsrq,0.540408163265306,remains_bcu
4FGL J0636.7+7139,fsrq,0.9326929310216592,predicted_fsrq
4FGL J0637.4-3537,bll,0.8520404672756874,predicted_bll
4FGL J0638.2+6020,fsrq,0.5904081632653061,remains_bcu
4FGL J0638.7+2753,bll,0.9146710903873744,predicted_bll
4FGL J0638.7+5658,fsrq,0.8798995983935742,predicted_fsrq
4FGL J0639.6+3503,fsrq,0.655,remains_bcu
4FGL J0640.7-1924,fsrq,0.8241805555555556,predicted_fsrq
4FGL J0640.8+2432,bll,0.77,predicted_bll
4FGL J0643.2-5356,fsrq,0.8239583333333332,predicted_fsrq
4FGL J0643.4-3314,fsrq,0.6268809523809524,remains_bcu
4FGL J0644.6-2853,bll,0.945,predicted_bll
4FGL J0647.7-4418,bll,0.8095918367346938,predicted_bll
4FGL J0647.8+4527,fsrq,0.9,predicted_fsrq
4FGL J0648.1+1605,bll,0.9135714285714286,predicted_bll
4FGL J0648.2+1745,bll,0.703845467032967,predicted_bll
4FGL J0649.3+2230,bll,0.7544735401459854,predicted_bll
4FGL J0650.2-1636,fsrq,0.9930155733836716,predicted_fsrq
4FGL J0650.5-2851,fsrq,0.8647680194462058,predicted_fsrq
4FGL J0651.5+7956,bll,0.6851851851851852,remains_bcu
4FGL J0652.5+1932,fsrq,0.76,predicted_fsrq
4FGL J0653.6+1636,bll,0.9331721082089552,predicted_bll
4FGL J0654.3+0923,bll,0.8832595240039508,predicted_bll
4FGL J0654.6-4952,fsrq,0.8992250766787301,predicted_fsrq
4FGL J0655.4-2631,bll,0.9149748743718592,predicted_bll
4FGL J0658.1-5840,bll,0.7377955931614103,predicted_bll
4FGL J0658.2+2709,bll,0.72,predicted_bll
4FGL J0658.6+0636,bll,0.995,predicted_bll
4FGL J0659.6-6742,bll,0.9736937148217636,predicted_bll
4FGL J0700.1-6311,bll,0.9648475609756098,predicted_bll
4FGL J0701.5+2511,bll,0.925,predicted_bll
4FGL J0703.2+6809,bll,0.8983562091503268,predicted_bll
4FGL J0703.3-1042,bll,0.65,remains_bcu
4FGL J0704.7+4508,fsrq,0.6111666666666666,remains_bcu
4FGL J0704.8+4907,fsrq,0.985831193344132,predicted_fsrq
4FGL J0705.7-4848,bll,0.5001004016064258,remains_bcu
4FGL J0705.9+5309,bll,0.9019328236683316,predicted_bll
4FGL J0706.1+0246,bll,0.965,predicted_bll
4FGL J0709.0+4304,bll,0.855,predicted_bll
4FGL J0709.3+0540,bll,0.9639102630606726,predicted_bll
4FGL J0712.5+3311,bll,0.8248901098901099,predicted_bll
4FGL J0713.0+5738,fsrq,0.9848592758129292,predicted_fsrq
4FGL J0713.5+2537,bll,0.6382441471571906,remains_bcu
4FGL J0714.4+1110,bll,0.9200301219789792,predicted_bll
4FGL J0715.3-6828,bll,0.6892045454545455,remains_bcu
4FGL J0717.7-5519,bll,0.9798475609756098,predicted_bll
4FGL J0718.2-1324,bll,0.7096212121212122,predicted_bll
4FGL J0719.6-3927,bll,0.5504545454545454,remains_bcu
4FGL J0720.0-3507,fsrq,0.8343229166666667,predicted_fsrq
4FGL J0720.0-6237,fsrq,0.905,predicted_fsrq
4FGL J0722.7+3606,fsrq,0.925,predicted_fsrq
4FGL J0725.5+0216,bll,0.965,predicted_bll
4FGL J0725.5-0504,bll,0.8447945205479452,predicted_bll
4FGL J0725.6-3530,bll,0.9288946143946144,predicted_bll
4FGL J0725.8-0054,bll,0.9745985401459852,predicted_bll
4FGL J0726.1+8114,bll,0.85,predicted_bll
4FGL J0727.4+5325,fsrq,0.66,remains_bcu
4FGL J0728.5+6128,fsrq,0.91,predicted_fsrq
4FGL J0729.1-3131,bll,0.6216666666666667,remains_bcu
4FGL J0730.1+6852,bll,0.695,remains_bcu
4FGL J0731.8-3009,bll,0.95,predicted_bll
4FGL J0732.7-4638,fsrq,0.9488995983935744,predicted_fsrq
4FGL J0733.0+4915,bll,0.8084156597962567,predicted_bll
4FGL J0733.1+5910,bll,0.5951851851851852,remains_bcu
4FGL J0733.4+5152,bll,0.9948475609756098,predicted_bll
4FGL J0733.5-5445,fsrq,0.5061666650688958,remains_bcu
4FGL J0733.6+3649,fsrq,0.5564285714285714,remains_bcu
4FGL J0733.7+0205c,fsrq,0.925,predicted_fsrq
4FGL J0734.4-7711,fsrq,0.8945495495495496,predicted_fsrq
4FGL J0738.4+1539,bll,0.9516937148217636,predicted_bll
4FGL J0739.7+1743,fsrq,0.7885648148148148,predicted_fsrq
4FGL J0740.0-0753,fsrq,0.9692329317269076,predicted_fsrq
4FGL J0740.4+7300,bll,0.6,remains_bcu
4FGL J0741.2-5140,fsrq,0.8198275862068966,predicted_fsrq
4FGL J0741.4-8132,bll,0.9848475609756098,predicted_bll
4FGL J0742.9-5242,fsrq,0.86,predicted_fsrq
4FGL J0743.3-4912c,fsrq,0.65972554539057,remains_bcu
4FGL J0743.6-3805,fsrq,0.715,predicted_fsrq
4FGL J0744.1-6211,bll,0.83,predicted_bll
4FGL J0745.4-2447,fsrq,0.815,predicted_fsrq
4FGL J0746.5-0710,bll,0.8729251700680272,predicted_bll
4FGL J0747.2+4529,bll,0.845,predicted_bll
4FGL J0747.6+7209,fsrq,0.6140671992481203,remains_bcu
4FGL J0748.0-1638,fsrq,0.9999596774193548,predicted_fsrq
4FGL J0748.3+8511,bll,0.9948475609756098,predicted_bll
4FGL J0749.0-3904,bll,0.9592361111111112,predicted_bll
4FGL J0749.0-2956,bll,0.9747916666666666,predicted_bll
4FGL J0749.3+4453,fsrq,0.5646912650602409,remains_bcu
4FGL J0749.6+1324,fsrq,0.655,remains_bcu
4FGL J0749.9+3112,bll,0.5401020408163265,remains_bcu
4FGL J0750.0+8238,fsrq,0.705,predicted_fsrq
4FGL J0751.0+7908,bll,0.8038377192982457,predicted_bll
4FGL J0751.0-5131,fsrq,0.9898995983935742,predicted_fsrq
4FGL J0751.4-0421,bll,0.9746422823832344,predicted_bll
4FGL J0751.4+2655,bll,0.9036937148217636,predicted_bll
4FGL J0752.3-1631,bll,0.939479378876364,predicted_bll
4FGL J0753.9+0923,fsrq,0.8429968206157965,predicted_fsrq
4FGL J0754.0+0451,bll,0.985,predicted_bll
4FGL J0756.6-7723,bll,0.919861490796428,predicted_bll
4FGL J0800.3+5611,bll,0.9848224353474692,predicted_bll
4FGL J0800.4-2257,fsrq,0.8233325683394532,predicted_fsrq
4FGL J0801.3+6631,fsrq,0.885,predicted_fsrq
4FGL J0802.3-0942,bll,0.9997916666666664,predicted_bll
4FGL J0803.5+2046,fsrq,0.81,predicted_fsrq
4FGL J0804.5+0414,fsrq,0.9698592758129292,predicted_fsrq
4FGL J0804.9-0624,bll,0.985,predicted_bll
4FGL J0805.0+6746,bll,0.8293014705882353,predicted_bll
4FGL J0805.1+7744,fsrq,0.8999386503067484,predicted_fsrq
4FGL J0805.8-2331,bll,0.9092361111111112,predicted_bll
4FGL J0806.1-0458,bll,0.88,predicted_bll
4FGL J0806.9-2151,bll,0.8353678149807183,predicted_bll
4FGL J0807.0-6102,bll,0.7417713239141811,predicted_bll
4FGL J0807.2-7630,bll,0.8033342352909707,predicted_bll
4FGL J0807.3-1954,bll,0.7474327538133508,predicted_bll
4FGL J0807.7-1206,fsrq,0.9292377956058936,predicted_fsrq
4FGL J0809.9-7028,bll,0.7735644693200663,predicted_bll
4FGL J0810.5+6139,bll,0.895,predicted_bll
4FGL J0810.9-4926,fsrq,0.53,remains_bcu
4FGL J0811.9+7847,bll,0.545,remains_bcu
4FGL J0812.5+0711,fsrq,0.6298148148148148,remains_bcu
4FGL J0812.6+2821,bll,0.9042361111111112,predicted_bll
4FGL J0813.7-0356,bll,0.925,predicted_bll
4FGL J0814.4+6926,bll,0.9548475609756096,predicted_bll
4FGL J0814.5-2642,bll,0.5695918367346939,remains_bcu
4FGL J0815.9+2951,bll,0.8739160839160839,predicted_bll
4FGL J0816.4-0007,bll,0.8045918367346938,predicted_bll
4FGL J0816.7-2420,fsrq,0.9748995983935742,predicted_fsrq
4FGL J0817.1+1955,bll,0.85,predicted_bll
4FGL J0820.1-2801,bll,0.9598475609756096,predicted_bll
4FGL J0820.6-0318,bll,0.955,predicted_bll
4FGL J0820.7-5758,fsrq,0.9948382487003228,predicted_fsrq
4FGL J0821.1+1007,fsrq,0.7041666666666666,predicted_fsrq
4FGL J0822.4-2630,bll,0.615,remains_bcu
4FGL J0822.9+0538,bll,0.915,predicted_bll
4FGL J0823.7-4838,fsrq,0.9279765214704976,predicted_fsrq
4FGL J0824.7-1035,fsrq,0.6,remains_bcu
4FGL J0825.9-3218,fsrq,0.995,predicted_fsrq
4FGL J0827.6-3735,fsrq,0.995,predicted_fsrq
4FGL J0828.6-0747,fsrq,0.81875,predicted_fsrq
4FGL J0829.4+4019,bll,0.7067619047619047,predicted_bll
4FGL J0829.6-1140,bll,0.9797916666666666,predicted_bll
4FGL J0829.7-5856,fsrq,0.9748995983935742,predicted_fsrq
4FGL J0830.1-0946,bll,0.985,predicted_bll
4FGL J0831.4+2631,fsrq,0.9143148148148148,predicted_fsrq
4FGL J0832.2+2753,bll,0.8443283582089552,predicted_bll
4FGL J0835.0+6243,bll,0.56,remains_bcu
4FGL J0835.9-2120,bll,0.915,predicted_bll
4FGL J0836.0-8015,bll,0.8493333333333334,predicted_bll
4FGL J0836.2+2141,fsrq,0.935,predicted_fsrq
4FGL J0840.1-0225,bll,0.9898475609756098,predicted_bll
4FGL J0840.9-7044,bll,0.545,remains_bcu
4FGL J0841.0-2744,fsrq,0.9948995983935742,predicted_fsrq
4FGL J0842.3-6053,bll,0.6597136393018747,remains_bcu
4FGL J0843.0-0853,fsrq,0.915,predicted_fsrq
4FGL J0845.4+0442,bll,0.8435694444444445,predicted_bll
4FGL J0846.5-2609,fsrq,0.75,predicted_fsrq
4FGL J0848.7-6942,bll,0.86,predicted_bll
4FGL J0849.4-2911,bll,0.9313944446388712,predicted_bll
4FGL J0849.8-3541,fsrq,0.6754081632653061,remains_bcu
4FGL J0851.9-5229,fsrq,0.6149596774193549,remains_bcu
4FGL J0851.9+4845,fsrq,0.895,predicted_fsrq
4FGL J0852.5-5755,fsrq,0.9644106606606606,predicted_fsrq
4FGL J0852.9-3824,fsrq,0.78875,predicted_fsrq
4FGL J0853.1-3657,bll,0.9948475609756098,predicted_bll
4FGL J0855.4-0714,fsrq,0.55,remains_bcu
4FGL J0856.4-5309,bll,0.8741020408163266,predicted_bll
4FGL J0856.8+8559,bll,0.8735110505166475,predicted_bll
4FGL J0900.6-7408,fsrq,0.97,predicted_fsrq
4FGL J0900.7-1243,fsrq,0.75,predicted_fsrq
4FGL J0901.5+6711,bll,0.9045644693200664,predicted_bll
4FGL J0902.4+6440,bll,0.535,remains_bcu
4FGL J0902.5-4801,fsrq,0.88,predicted_fsrq
4FGL J0904.5-3513,fsrq,0.9595555555555556,predicted_fsrq
4FGL J0904.9-5734,fsrq,0.7,predicted_fsrq
4FGL J0906.2-1707,bll,0.9696666666666668,predicted_bll
4FGL J0907.8-1002,bll,0.8978733031674208,predicted_bll
4FGL J0908.5-8751,fsrq,0.91,predicted_fsrq
4FGL J0909.1+6647,bll,0.916446685785351,predicted_bll
4FGL J0911.0-5047,fsrq,0.9149596774193548,predicted_fsrq
4FGL J0912.2+3004,bll,0.7685644693200664,predicted_bll
4FGL J0912.2-2751,fsrq,0.69,remains_bcu
4FGL J0913.9+1732,bll,0.655,remains_bcu
4FGL J0914.1-0202,bll,0.6131410256410256,remains_bcu
4FGL J0915.1-3738,bll,0.8948909582879432,predicted_bll
4FGL J0915.4-3027,fsrq,0.5616666666666666,remains_bcu
4FGL J0918.9-0625,bll,0.5113095238095238,remains_bcu
4FGL J0919.3-2202,bll,0.96,predicted_bll
4FGL J0920.2-3835,bll,0.9015836720867209,predicted_bll
4FGL J0920.3-0443,fsrq,0.96,predicted_fsrq
4FGL J0921.2-8211,fsrq,0.55,remains_bcu
4FGL J0922.6+4454,fsrq,0.6514642242439145,remains_bcu
4FGL J0922.6+0434,fsrq,0.9740912033906716,predicted_fsrq
4FGL J0922.6-2116,fsrq,0.9048995983935744,predicted_fsrq
4FGL J0923.5+3852,fsrq,1.0,predicted_fsrq
4FGL J0923.5+4210,fsrq,0.75,predicted_fsrq
4FGL J0928.2-3048,fsrq,0.945,predicted_fsrq
4FGL J0928.3+7444,bll,0.8403559577677225,predicted_bll
4FGL J0928.4-0415,fsrq,0.975,predicted_fsrq
4FGL J0929.2+7302,bll,0.6935121951219512,remains_bcu
4FGL J0930.9-1015,fsrq,0.9394308483935744,predicted_fsrq
4FGL J0931.2-8533,fsrq,0.9693905258129292,predicted_fsrq
4FGL J0932.8+3337,bll,0.7633721616277586,predicted_bll
4FGL J0933.5-0013,fsrq,0.84,predicted_fsrq
4FGL J0933.5-5240,bll,0.9345045045045046,predicted_bll
4FGL J0935.4-6911,bll,0.7982210864930716,predicted_bll
4FGL J0937.0-2044,fsrq,0.605,remains_bcu
4FGL J0938.9-6403,bll,0.51546875,remains_bcu
4FGL J0939.3-1732,bll,0.5672916666666666,remains_bcu
4FGL J0940.0-2828,fsrq,0.9398208083462584,predicted_fsrq
4FGL J0940.7-6105,fsrq,0.8694551539491298,predicted_fsrq
4FGL J0941.7+4125,fsrq,0.9047513440860214,predicted_fsrq
4FGL J0942.7-2028,bll,0.995,predicted_bll
4FGL J0943.7+6137,fsrq,0.975,predicted_fsrq
4FGL J0948.6-0338,bll,0.7445918367346939,predicted_bll
4FGL J0949.7+5819,fsrq,0.975,predicted_fsrq
4FGL J0950.2-1623,bll,0.8926932944818389,predicted_bll
4FGL J0952.3-4342,fsrq,0.5297916666666667,remains_bcu
4FGL J0952.6-5048,bll,0.8094007820136853,predicted_bll
4FGL J0953.1-3005,fsrq,0.9949386503067484,predicted_fsrq
4FGL J0954.2-2520,bll,0.9786862810612812,predicted_bll
4FGL J0957.8+3423,bll,0.9252256229542816,predicted_bll
4FGL J0958.1-6753,fsrq,0.8848275862068965,predicted_fsrq
4FGL J0958.4-2441,bll,0.9595883180826948,predicted_bll
4FGL J0958.8+7039,bll,0.9778475609756098,predicted_bll
4FGL J1002.3-1200,fsrq,0.515,remains_bcu
4FGL J1002.8+2140,fsrq,0.615,remains_bcu
4FGL J1003.4+0205,bll,0.99,predicted_bll
4FGL J1003.6-2137,bll,0.9935128205128204,predicted_bll
4FGL J1006.8-5007,fsrq,0.9348995983935744,predicted_fsrq
4FGL J1008.7-2909,fsrq,0.7295833333333333,predicted_fsrq
4FGL J1011.1-2300,fsrq,0.92953125,predicted_fsrq
4FGL J1012.3-1232,fsrq,0.5498979591836735,remains_bcu
4FGL J1013.3-2551,fsrq,0.955,predicted_fsrq
4FGL J1014.3+4112,fsrq,0.5493796992481204,remains_bcu
4FGL J1014.7+3210,bll,0.9978475609756096,predicted_bll
4FGL J1014.8-0537,bll,0.728125,predicted_bll
4FGL J1014.9-4508,fsrq,0.515,remains_bcu
4FGL J1016.4+7703,bll,0.9,predicted_bll
4FGL J1016.5-2650,bll,0.7745000000000001,predicted_bll
4FGL J1017.2-1549,bll,0.9348475609756096,predicted_bll
4FGL J1017.3+5204,bll,0.93,predicted_bll
4FGL J1017.4+2538,bll,0.96,predicted_bll
4FGL J1017.8+0715,fsrq,0.9948382487003228,predicted_fsrq
4FGL J1018.9+1043,fsrq,0.605,remains_bcu
4FGL J1019.7+0511,bll,0.87,predicted_bll
4FGL J1021.4+8021,bll,0.5902024424227522,remains_bcu
4FGL J1027.2+7427,fsrq,0.9999386503067484,predicted_fsrq
4FGL J1027.6+1828,bll,0.6551851851851852,remains_bcu
4FGL J1027.6+8251,bll,0.8531840761571285,predicted_bll
4FGL J1028.7-6431c,fsrq,0.8098275862068965,predicted_fsrq
4FGL J1030.2-8403,bll,0.924084595959596,predicted_bll
4FGL J1030.4-3001,fsrq,0.6566666666666666,remains_bcu
4FGL J1031.8-2609,bll,0.985,predicted_bll
4FGL J1033.7+3708,bll,0.8093292682926829,predicted_bll
4FGL J1034.0-2547,fsrq,0.54,remains_bcu
4FGL J1035.1-0608,fsrq,0.535,remains_bcu
4FGL J1035.3-2050,bll,0.7845882820136851,predicted_bll
4FGL J1035.3+5541,bll,0.6768518518518519,remains_bcu
4FGL J1035.9-3108,bll,0.855,predicted_bll
4FGL J1037.0-1954,bll,0.8432579185520361,predicted_bll
4FGL J1038.2-2425,fsrq,0.58,remains_bcu
4FGL J1039.2-2848,bll,0.9637401229148376,predicted_bll
4FGL J1039.6+0535,bll,0.98,predicted_bll
4FGL J1039.9+7326,bll,0.6498076923076923,remains_bcu
4FGL J1041.1-1201,bll,0.932260227704658,predicted_bll
4FGL J1041.3-6437,fsrq,0.7698995983935742,predicted_fsrq
4FGL J1045.9+7538,bll,0.915,predicted_bll
4FGL J1045.9-2331,bll,0.5583333333333333,remains_bcu
4FGL J1046.0+5448,fsrq,0.5664942528735633,remains_bcu
4FGL J1047.2-5517,fsrq,0.9947916666666669,predicted_fsrq
4FGL J1047.4+0031,bll,0.8924615384615384,predicted_bll
4FGL J1047.8-6216,fsrq,0.9798592758129292,predicted_fsrq
4FGL J1047.9+0055,fsrq,0.9948995983935742,predicted_fsrq
4FGL J1047.9-4642,fsrq,0.9445219836400818,predicted_fsrq
4FGL J1049.8+1429,fsrq,0.9749662162162162,predicted_fsrq
4FGL J1050.6-5248,fsrq,0.9027777777777776,predicted_fsrq
4FGL J1051.2-6517,bll,0.765,predicted_bll
4FGL J1053.3-1134,fsrq,0.695,remains_bcu
4FGL J1053.9+8628,bll,0.8492361111111112,predicted_bll
4FGL J1054.2+3926,fsrq,0.7232329317269077,predicted_fsrq
4FGL J1101.3+7017,fsrq,0.8038034330011076,predicted_fsrq
4FGL J1101.5+3904,fsrq,0.8548995983935742,predicted_fsrq
4FGL J1102.0-6054,fsrq,0.72,predicted_fsrq
4FGL J1102.8-0148,bll,0.9848475609756098,predicted_bll
4FGL J1102.9-5628,bll,0.8379712153518125,predicted_bll
4FGL J1103.2+8603,fsrq,0.5147368421052632,remains_bcu
4FGL J1104.0+2611,bll,0.91,predicted_bll
4FGL J1104.9+5748,fsrq,0.69,remains_bcu
4FGL J1105.8-0731,bll,0.8585714285714287,predicted_bll
4FGL J1106.2-1048,bll,0.7466666666666666,predicted_bll
4FGL J1108.7-1844,bll,0.5366666666666666,remains_bcu
4FGL J1108.8-6833,fsrq,0.7298995983935742,predicted_fsrq
4FGL J1109.7-4814,fsrq,0.8045,predicted_fsrq
4FGL J1111.4-4624,fsrq,0.8798979591836735,predicted_fsrq
4FGL J1111.8+4858,bll,0.925,predicted_bll
4FGL J1113.6-1920,bll,0.6145918367346939,remains_bcu
4FGL J1115.2-0703,bll,0.731901348122456,predicted_bll
4FGL J1116.3-4000,bll,0.9848475609756098,predicted_bll
4FGL J1117.2-5337,bll,0.9897069209039548,predicted_bll
4FGL J1117.5-4839,fsrq,0.6366666666666667,remains_bcu
4FGL J1117.6+0217,fsrq,0.535,remains_bcu
4FGL J1117.7-3650,bll,0.9495,predicted_bll
4FGL J1118.0-1620,fsrq,0.92,predicted_fsrq
4FGL J1120.6+0713,bll,0.7575000000000002,predicted_bll
4FGL J1121.3-0011,bll,0.995,predicted_bll
4FGL J1123.5-6418,fsrq,0.77,predicted_fsrq
4FGL J1123.6+8028,fsrq,0.5664285714285715,remains_bcu
4FGL J1124.4+2308,bll,0.8736550522648084,predicted_bll
4FGL J1124.6-0809,bll,0.933252903164668,predicted_bll
4FGL J1125.0-5804,bll,0.9648475609756098,predicted_bll
4FGL J1126.8-3829,bll,0.7982234432234432,predicted_bll
4FGL J1127.3+3755,fsrq,0.5632329317269077,remains_bcu
4FGL J1127.6-4920,bll,0.5813636363636364,remains_bcu
4FGL J1129.2-1014,bll,0.7737346938775511,predicted_bll
4FGL J1129.2-0529,fsrq,0.979768019446206,predicted_fsrq
4FGL J1129.5+3034,fsrq,0.6243796992481203,remains_bcu
4FGL J1131.1-0944,bll,0.97375312358874,predicted_bll
4FGL J1131.4-0504,fsrq,0.77375,predicted_fsrq
4FGL J1132.2-4736,bll,0.9493120571187168,predicted_bll
4FGL J1132.3-5606,fsrq,0.510625,remains_bcu
4FGL J1132.8-5328,fsrq,0.9048611309269036,predicted_fsrq
4FGL J1136.0-6824,fsrq,0.665,remains_bcu
4FGL J1136.3-0501,fsrq,0.795,predicted_fsrq
4FGL J1136.8-7413,bll,0.5417670682730924,remains_bcu
4FGL J1139.0+4033,fsrq,0.97,predicted_fsrq
4FGL J1139.6+1149,fsrq,0.659375,remains_bcu
4FGL J1141.4+6805,bll,0.9793333333333334,predicted_bll
4FGL J1143.7-1014,bll,0.7028061224489796,predicted_bll
4FGL J1145.6+5552,bll,0.6816666666666665,remains_bcu
4FGL J1145.7-1528,fsrq,0.835,predicted_fsrq
4FGL J1146.4-0926,fsrq,0.6725,remains_bcu
4FGL J1146.4-3327,fsrq,0.76,predicted_fsrq
4FGL J1147.2-2627,fsrq,0.9899596774193548,predicted_fsrq
4FGL J1149.1+2819,bll,0.7963095238095238,predicted_bll
4FGL J1149.5-4029,fsrq,0.79453125,predicted_fsrq
4FGL J1150.6-4823,fsrq,0.82,predicted_fsrq
4FGL J1151.6-2115,bll,0.9644513317813248,predicted_bll
4FGL J1153.3-1104,fsrq,0.9842798665229648,predicted_fsrq
4FGL J1153.6-2553,bll,0.985,predicted_bll
4FGL J1153.7-3210,fsrq,0.57,remains_bcu
4FGL J1155.6-6547,fsrq,0.8648995983935742,predicted_fsrq
4FGL J1155.8-1217,fsrq,0.635,remains_bcu
4FGL J1156.6+0640,fsrq,0.6748995983935743,remains_bcu
4FGL J1156.8-1537,fsrq,0.7858528726905987,predicted_fsrq
4FGL J1158.9+0956,fsrq,0.6349484536082474,remains_bcu
4FGL J1158.9+0818,bll,0.9396153846153844,predicted_bll
4FGL J1159.2-2227,fsrq,0.994855072463768,predicted_fsrq
4FGL J1200.2+0201,bll,0.9544793788763638,predicted_bll
4FGL J1200.7+2008,fsrq,0.9347203897740546,predicted_fsrq
4FGL J1200.8-1429,bll,0.98,predicted_bll
4FGL J1201.1-0332,bll,0.9116710562772512,predicted_bll
4FGL J1202.9+5141,fsrq,0.5096875,remains_bcu
4FGL J1203.3+1119,fsrq,0.683875,remains_bcu
4FGL J1204.4+3750,fsrq,0.59,remains_bcu
4FGL J1205.8+3321,bll,0.5107738095238096,remains_bcu
4FGL J1207.2-0524,bll,0.99,predicted_bll
4FGL J1208.2-7810,bll,0.9648475609756098,predicted_bll
4FGL J1208.8-1751,bll,0.8695098039215686,predicted_bll
4FGL J1208.8-2754,bll,0.777218137254902,predicted_bll
4FGL J1209.0-4630,bll,0.895,predicted_bll
4FGL J1209.4+7608,bll,0.8628431372549019,predicted_bll
4FGL J1211.0-3800,bll,0.6243805557499824,remains_bcu
4FGL J1211.6-2735,fsrq,0.99,predicted_fsrq
4FGL J1211.8-4817,bll,0.55,remains_bcu
4FGL J1212.1+6412,bll,0.6079166666666667,remains_bcu
4FGL J1212.2+2442,bll,0.785,predicted_bll
4FGL J1212.7-1402,bll,0.8969166666666666,predicted_bll
4FGL J1214.6-1926,fsrq,0.505,remains_bcu
4FGL J1215.8-3732,bll,0.745,predicted_bll
4FGL J1215.8-1733,fsrq,0.8982312925170067,predicted_fsrq
4FGL J1216.2-6121,fsrq,0.65,remains_bcu
4FGL J1219.9+6056,bll,0.9183455284552846,predicted_bll
4FGL J1220.2-3713,bll,0.97,predicted_bll
4FGL J1221.2+6910,bll,0.8445890410958904,predicted_bll
4FGL J1222.0-4121,bll,0.795,predicted_bll
4FGL J1223.0+1100,bll,0.9798630136986302,predicted_bll
4FGL J1223.9-0545,fsrq,0.8783030303030305,predicted_fsrq
4FGL J1224.7-8313,fsrq,0.95,predicted_fsrq
4FGL J1225.3-3446,bll,0.9535881765912254,predicted_bll
4FGL J1225.4-1550,bll,0.915,predicted_bll
4FGL J1225.5-2851,fsrq,0.775,predicted_fsrq
4FGL J1225.6-7313,bll,0.774555640827626,predicted_bll
4FGL J1225.6-4937,fsrq,0.9999386503067484,predicted_fsrq
4FGL J1225.8-2941,fsrq,0.66,remains_bcu
4FGL J1227.8+6053,bll,0.7529215686274509,predicted_bll
4FGL J1228.3+7521,bll,0.8308522333799786,predicted_bll
4FGL J1228.7-0318,bll,0.9231124526401612,predicted_bll
4FGL J1229.1+5521,fsrq,0.92,predicted_fsrq
4FGL J1232.5-3720,bll,0.995,predicted_bll
4FGL J1234.0-5735,bll,0.9843520654801142,predicted_bll
4FGL J1234.7-0434,bll,0.8884120302956761,predicted_bll
4FGL J1240.1-6846,bll,0.725,predicted_bll
4FGL J1240.4-2606,bll,0.8580589066271671,predicted_bll
4FGL J1240.4-7148,bll,0.995,predicted_bll
4FGL J1241.3+4236,bll,0.72,predicted_bll
4FGL J1241.6+3844,bll,0.7830380732938336,predicted_bll
4FGL J1243.0+3950,fsrq,0.8598995983935742,predicted_fsrq
4FGL J1243.9-0218,fsrq,0.5045833333333333,remains_bcu
4FGL J1244.2-4956,fsrq,0.7732625139431122,predicted_fsrq
4FGL J1248.9+4840,fsrq,0.89,predicted_fsrq
4FGL J1249.2-2809,bll,0.9845045045045048,predicted_bll
4FGL J1249.3-0545,bll,0.9949748743718592,predicted_bll
4FGL J1250.8+3117,bll,0.7341666666666667,predicted_bll
4FGL J1251.3-0201,bll,0.6719012812982661,remains_bcu
4FGL J1253.8+2929,bll,0.9045,predicted_bll
4FGL J1254.2-2205,bll,0.7328469423046045,predicted_bll
4FGL J1254.9-7141,fsrq,0.9688960216008516,predicted_fsrq
4FGL J1256.1-5919,bll,0.9836166668610936,predicted_bll
4FGL J1258.7+5143,fsrq,0.5213810798750558,remains_bcu
4FGL J1259.5+2332,fsrq,0.535,remains_bcu
4FGL J1302.3+6901,fsrq,0.8998995983935743,predicted_fsrq
4FGL J1304.0-5539,fsrq,0.9347916666666668,predicted_fsrq
4FGL J1304.9-2107,bll,0.725,predicted_bll
4FGL J1306.5+1926,bll,0.54,remains_bcu
4FGL J1307.1-0344,bll,0.89,predicted_bll
4FGL J1308.1-3801,bll,0.8240000000000001,predicted_bll
4FGL J1308.4-6706,bll,0.5,remains_bcu
4FGL J1309.6+3718,bll,0.94,predicted_bll
4FGL J1310.1-0450,bll,0.52,remains_bcu
4FGL J1310.7-5553,fsrq,0.9344551539491296,predicted_fsrq
4FGL J1311.8+2057,bll,0.585,remains_bcu
4FGL J1312.6-1900,bll,0.96,predicted_bll
4FGL J1312.6+4828,fsrq,0.6305,remains_bcu
4FGL J1314.7-0901,bll,0.9598475609756096,predicted_bll
4FGL J1315.4+8453,fsrq,0.7497127739984883,predicted_fsrq
4FGL J1315.9-6349c,bll,0.545,remains_bcu
4FGL J1316.5+3013,bll,0.8481407563025211,predicted_bll
4FGL J1316.7+2054,bll,0.8391550522648084,predicted_bll
4FGL J1317.1+6613,fsrq,0.5998275862068965,remains_bcu
4FGL J1317.6+7450,bll,0.6789285714285714,remains_bcu
4FGL J1318.1-1740,fsrq,0.545,remains_bcu
4FGL J1318.2+6754,fsrq,0.75,predicted_fsrq
4FGL J1318.7-1234,bll,0.9371006668977182,predicted_bll
4FGL J1319.5-0045,fsrq,0.9248592758129291,predicted_fsrq
4FGL J1322.0-5921,bll,0.735,predicted_bll
4FGL J1322.3-0606,bll,0.9429031165311652,predicted_bll
4FGL J1322.6-1418,bll,0.9793269398519736,predicted_bll
4FGL J1322.6-1617,bll,0.9784615384615384,predicted_bll
4FGL J1323.0+2941,bll,0.8022571533944199,predicted_bll
4FGL J1326.1-6800,fsrq,0.8298275862068966,predicted_fsrq
4FGL J1326.6+0152,bll,0.889,predicted_bll
4FGL J1327.0+3154,bll,0.7682857142857142,predicted_bll
4FGL J1329.4-0530,fsrq,0.585,remains_bcu
4FGL J1330.2-7003,fsrq,0.98,predicted_fsrq
4FGL J1330.7+5200,fsrq,0.6482930107526883,remains_bcu
4FGL J1330.7+2933,fsrq,0.8698034330011075,predicted_fsrq
4FGL J1331.7-0647,bll,0.9273475609756098,predicted_bll
4FGL J1333.0-6626,fsrq,0.7993333333333333,predicted_fsrq
4FGL J1334.1-3521,bll,0.9648475609756098,predicted_bll
4FGL J1336.2+2053,bll,0.89,predicted_bll
4FGL J1336.5-1529,fsrq,0.59,remains_bcu
4FGL J1337.5-7802,bll,0.919390681003584,predicted_bll
4FGL J1337.9-1956,fsrq,0.8784702096171461,predicted_fsrq
4FGL J1338.1-0931,bll,0.9,predicted_bll
4FGL J1339.0-2400,fsrq,0.6596666666666667,remains_bcu
4FGL J1340.0-1501,bll,0.97471057467424,predicted_bll
4FGL J1340.1+3857,fsrq,0.8843592758129292,predicted_fsrq
4FGL J1340.4+6926,fsrq,0.9444596774193548,predicted_fsrq
4FGL J1341.1+7433,bll,0.7625,predicted_bll
4FGL J1341.7-3907,bll,0.9794793788763638,predicted_bll
4FGL J1344.1-7700,fsrq,0.7148275862068965,predicted_fsrq
4FGL J1344.4-3656,bll,0.83665188762072,predicted_bll
4FGL J1346.3+7227,bll,0.6125,remains_bcu
4FGL J1347.4+7309,fsrq,0.809375,predicted_fsrq
4FGL J1347.9-0618,bll,0.665,remains_bcu
4FGL J1349.5-7153,fsrq,0.68410054539057,remains_bcu
4FGL J1351.7-2912,fsrq,0.9793068021239476,predicted_fsrq
4FGL J1352.7-2742,fsrq,0.98,predicted_fsrq
4FGL J1354.1-8750,fsrq,0.59,remains_bcu
4FGL J1354.2+6934,bll,0.708234693877551,predicted_bll
4FGL J1356.2-2454,fsrq,0.7848995983935743,predicted_fsrq
4FGL J1358.9-0703,bll,0.792999611755372,predicted_bll
4FGL J1359.1-1152,bll,0.98,predicted_bll
4FGL J1359.4+1809,bll,0.88,predicted_bll
4FGL J1400.6-5605,fsrq,0.9549596774193548,predicted_fsrq
4FGL J1401.1-3717,bll,0.995,predicted_bll
4FGL J1402.5-1827,fsrq,0.7922732541307224,predicted_fsrq
4FGL J1403.6+3606,bll,0.86,predicted_bll
4FGL J1405.3-0640,bll,0.9390206631419128,predicted_bll
4FGL J1406.4-1654,bll,0.6895833333333333,remains_bcu
4FGL J1408.7+3617,bll,0.5119791666666667,remains_bcu
4FGL J1410.5+6215,bll,0.8543283582089551,predicted_bll
4FGL J1412.0+3836,bll,0.96,predicted_bll
4FGL J1412.2+2132,bll,0.64,remains_bcu
4FGL J1412.9+5018,fsrq,0.7566666666666666,predicted_fsrq
4FGL J1414.5+0826,fsrq,0.6514102564102564,remains_bcu
4FGL J1416.0+1320,bll,0.675,remains_bcu
4FGL J1416.0+3443,fsrq,0.9446514850029292,predicted_fsrq
4FGL J1419.6-5153,fsrq,0.5998275862068965,remains_bcu
4FGL J1420.9-7920,fsrq,0.7844308483935742,predicted_fsrq
4FGL J1421.1-4614,fsrq,0.7495,predicted_fsrq
4FGL J1421.1-1120,fsrq,0.7025,predicted_fsrq
4FGL J1421.6-4819,fsrq,0.9798995983935742,predicted_fsrq
4FGL J1422.6+8150,bll,0.8382296572475144,predicted_bll
4FGL J1423.5+4524,bll,0.8865733421268445,predicted_bll
4FGL J1424.8-6808,fsrq,0.939768019446206,predicted_fsrq
4FGL J1427.4-1823,bll,0.99,predicted_bll
4FGL J1428.1+1629,fsrq,0.7097680194462059,predicted_fsrq
4FGL J1428.7-1017,bll,0.9898475609756098,predicted_bll
4FGL J1428.8+7429,bll,0.84,predicted_bll
4FGL J1429.8-3058,bll,0.96,predicted_bll
4FGL J1432.2+5051,bll,0.9143582887700537,predicted_bll
4FGL J1432.8+7648,bll,0.6995121951219513,remains_bcu
4FGL J1434.5+5428,fsrq,0.7849386503067484,predicted_fsrq
4FGL J1435.3+7120,bll,0.6566666666666666,remains_bcu
4FGL J1435.7+6148,bll,0.730339947089947,predicted_bll
4FGL J1435.9-8348,fsrq,0.9894416054666338,predicted_fsrq
4FGL J1437.3-3239,fsrq,0.975,predicted_fsrq
4FGL J1438.5-4207,bll,0.9547916666666666,predicted_bll
4FGL J1441.7+1836,bll,0.9544422901459854,predicted_bll
4FGL J1442.2+0622,fsrq,0.845,predicted_fsrq
4FGL J1443.7-0954,bll,0.5916666666666667,remains_bcu
4FGL J1445.2-1954,fsrq,0.65,remains_bcu
4FGL J1446.0-3039,fsrq,0.61,remains_bcu
4FGL J1446.3+3111,fsrq,0.985,predicted_fsrq
4FGL J1446.8-1830,bll,0.9438529893529894,predicted_bll
4FGL J1447.0-2657,bll,0.97,predicted_bll
4FGL J1451.5+1415,fsrq,0.6946428571428572,remains_bcu
4FGL J1451.8-3851,bll,0.7042426470588236,predicted_bll
4FGL J1453.0-1318,bll,0.585,remains_bcu
4FGL J1454.0+4927,fsrq,0.7495,predicted_fsrq
4FGL J1454.1+2647,bll,0.8585219990435199,predicted_bll
4FGL J1455.4-3654,fsrq,0.6243588362068965,remains_bcu
4FGL J1457.3-4246,fsrq,0.7547142857142856,predicted_fsrq
4FGL J1458.1+4119,bll,0.855,predicted_bll
4FGL J1459.0+6129,bll,0.7287741844049447,predicted_bll
4FGL J1459.0-5353,fsrq,0.59,remains_bcu
4FGL J1502.5+5552,fsrq,0.9448592758129292,predicted_fsrq
4FGL J1503.3-8136,fsrq,0.6795,remains_bcu
4FGL J1503.6-6427,fsrq,0.7749203073406147,predicted_fsrq
4FGL J1503.7-5801,fsrq,0.7,predicted_fsrq
4FGL J1503.9-4247,fsrq,0.8345,predicted_fsrq
4FGL J1504.9+2027,fsrq,0.6689583333333334,remains_bcu
4FGL J1505.5-8241,bll,0.9893333333333334,predicted_bll
4FGL J1507.3-3710,bll,0.76,predicted_bll
4FGL J1508.4+7717,bll,0.6401818379790941,remains_bcu
4FGL J1508.5-4951,fsrq,0.9538995983935744,predicted_fsrq
4FGL J1509.8-2906,fsrq,0.975,predicted_fsrq
4FGL J1510.4-3017,fsrq,0.7846192528735633,predicted_fsrq
4FGL J1510.8+7959,fsrq,0.585,remains_bcu
4FGL J1512.2+4704,bll,0.9643675182031348,predicted_bll
4FGL J1512.9-5639,fsrq,0.500090909090909,remains_bcu
4FGL J1513.0-6549,fsrq,0.7634639498432603,predicted_fsrq
4FGL J1513.2-7131,fsrq,0.699375,remains_bcu
4FGL J1513.4-3721,bll,0.9090836720867208,predicted_bll
4FGL J1514.4-7719,bll,0.9948475609756098,predicted_bll
4FGL J1514.6-2044,bll,0.8089497504129858,predicted_bll
4FGL J1514.7-3617,fsrq,0.6741853126792887,remains_bcu
4FGL J1515.7-2321,bll,0.9798224353474692,predicted_bll
4FGL J1517.0+2639,bll,0.6149198038176035,remains_bcu
4FGL J1517.3+6630,fsrq,0.7644551539491298,predicted_fsrq
4FGL J1518.4+0750,bll,0.93,predicted_bll
4FGL J1520.0-0905,bll,0.9293795045045044,predicted_bll
4FGL J1521.7+1650,fsrq,0.56875,remains_bcu
4FGL J1523.1+3413,fsrq,0.765,predicted_fsrq
4FGL J1523.2-3941,fsrq,0.655,remains_bcu
4FGL J1523.2+2818,bll,0.51,remains_bcu
4FGL J1524.8-5904,bll,0.8755574078699078,predicted_bll
4FGL J1525.7-4334,fsrq,0.8448995983935742,predicted_fsrq
4FGL J1526.7-1529,bll,0.8979953636290093,predicted_bll
4FGL J1527.4+1717,fsrq,0.755,predicted_fsrq
4FGL J1528.2-2905,bll,0.9335714285714286,predicted_bll
4FGL J1528.5-2240,fsrq,0.6104081632653061,remains_bcu
4FGL J1529.7+6733,fsrq,0.554239156920078,remains_bcu
4FGL J1530.5-3026,bll,0.9195333169142568,predicted_bll
4FGL J1532.7+2342,fsrq,0.84425715803951,predicted_fsrq
4FGL J1532.7-1319,fsrq,0.7258941695247428,predicted_fsrq
4FGL J1535.3-3135,bll,0.985,predicted_bll
4FGL J1535.8-4730,fsrq,0.7641726190476191,predicted_fsrq
4FGL J1536.9-3731,bll,0.8934120302956761,predicted_bll
4FGL J1537.7-7957,bll,0.8590778526843964,predicted_bll
4FGL J1537.9-1344,bll,0.9998475609756098,predicted_bll
4FGL J1540.4+6606,bll,0.56,remains_bcu
4FGL J1541.1+3451,bll,0.515,remains_bcu
4FGL J1543.3+1026,fsrq,0.8279484126984127,predicted_fsrq
4FGL J1543.6+6551,bll,0.79,predicted_bll
4FGL J1544.3-0649,bll,0.85,predicted_bll
4FGL J1546.4-2903,bll,0.8378733031674207,predicted_bll
4FGL J1547.3-1531,bll,0.9648475609756098,predicted_bll
4FGL J1547.9-6403,fsrq,0.9398995983935744,predicted_fsrq
4FGL J1548.3+6615,bll,0.6917867647058823,remains_bcu
4FGL J1548.4-2109,bll,0.9,predicted_bll
4FGL J1549.0+7846,bll,0.95,predicted_bll
4FGL J1549.3+4234,bll,0.91,predicted_bll
4FGL J1549.4+7409,fsrq,0.6898148148148148,remains_bcu
4FGL J1550.7+7006,bll,0.535,remains_bcu
4FGL J1550.8-1750,fsrq,0.665,remains_bcu
4FGL J1553.5-6910,bll,0.9799152542372882,predicted_bll
4FGL J1554.0-0243,fsrq,0.795,predicted_fsrq
4FGL J1554.4-1215,bll,0.99,predicted_bll
4FGL J1555.2-4149,fsrq,0.9898995983935742,predicted_fsrq
4FGL J1556.1+2812,bll,0.86,predicted_bll
4FGL J1556.6+1417,fsrq,0.56,remains_bcu
4FGL J1558.1+6239,fsrq,0.6698979591836735,remains_bcu
4FGL J1559.1+6736,bll,0.9295890410958904,predicted_bll
4FGL J1559.8-0425,fsrq,0.9548333333333332,predicted_fsrq
4FGL J1559.8-2525,bll,0.7950934065934067,predicted_bll
4FGL J1600.0+8510,bll,0.9935265119502332,predicted_bll
4FGL J1602.0-0641,bll,0.5831632653061225,remains_bcu
4FGL J1602.1+3324,fsrq,0.775,predicted_fsrq
4FGL J1602.9-1928,bll,0.8859341151394748,predicted_bll
4FGL J1603.5+1552,bll,0.54,remains_bcu
4FGL J1603.5-7112,bll,0.7995918367346938,predicted_bll
4FGL J1604.9-3414,bll,0.97,predicted_bll
4FGL J1605.8+7208,bll,0.939,predicted_bll
4FGL J1606.6+1324,fsrq,0.57,remains_bcu
4FGL J1606.8-0351,fsrq,0.86,predicted_fsrq
4FGL J1608.0+4949,fsrq,0.55,remains_bcu
4FGL J1608.0-1625,fsrq,0.715,predicted_fsrq
4FGL J1611.1+2501,fsrq,0.9397916666666668,predicted_fsrq
4FGL J1611.3-0930,bll,0.74,predicted_bll
4FGL J1612.2+2828,bll,0.83,predicted_bll
4FGL J1613.3-1907,bll,0.9176813791004969,predicted_bll
4FGL J1613.5-4225,fsrq,0.6297916666666666,remains_bcu
4FGL J1614.4+5028,bll,0.9643333333333334,predicted_bll
4FGL J1614.8-0850,bll,0.88,predicted_bll
4FGL J1615.6+2130,fsrq,0.845,predicted_fsrq
4FGL J1616.5-3500,fsrq,0.8098995983935743,predicted_fsrq
4FGL J1617.2-2535,bll,0.5641666666666666,remains_bcu
4FGL J1617.3-1513,bll,0.93,predicted_bll
4FGL J1619.0+7536,bll,0.945,predicted_bll
4FGL J1621.7-1103,fsrq,0.8845555555555555,predicted_fsrq
4FGL J1623.4+0858,bll,0.8394904458598725,predicted_bll
4FGL J1624.9-4210,fsrq,0.8148995983935743,predicted_fsrq
4FGL J1625.2-3600,fsrq,0.85,predicted_fsrq
4FGL J1626.0+5436,fsrq,0.63,remains_bcu
4FGL J1626.4+1820,bll,0.505,remains_bcu
4FGL J1626.5-7435,bll,0.8575085034013605,predicted_bll
4FGL J1627.3+4758,fsrq,0.8997805507745267,predicted_fsrq
4FGL J1627.4-3301,fsrq,0.65,remains_bcu
4FGL J1627.7+0251,bll,0.8401348039215687,predicted_bll
4FGL J1628.3-3343,bll,0.9032835032835034,predicted_bll
4FGL J1631.0-5302,fsrq,0.74,predicted_fsrq
4FGL J1631.2+1046,fsrq,0.8996215024502305,predicted_fsrq
4FGL J1632.2+0854,bll,0.5615079365079364,remains_bcu
4FGL J1632.4+5800,bll,0.9798475609756098,predicted_bll
4FGL J1632.8-1048,fsrq,0.9527777777777776,predicted_fsrq
4FGL J1633.5+2806,fsrq,0.8313995983935744,predicted_fsrq
4FGL J1633.8+0701,bll,0.8818535539215686,predicted_bll
4FGL J1634.9+1222,bll,0.76,predicted_bll
4FGL J1635.3+0911,fsrq,0.9845636503067484,predicted_fsrq
4FGL J1635.6+3500,bll,0.6429251700680273,remains_bcu
4FGL J1636.3+7128,fsrq,0.684375,remains_bcu
4FGL J1636.5-0454,bll,0.93,predicted_bll
4FGL J1636.9-4103,fsrq,0.765,predicted_fsrq
4FGL J1638.0+0042,bll,0.985,predicted_bll
4FGL J1640.3+6850,bll,0.9,predicted_bll
4FGL J1643.7+3317,bll,0.99,predicted_bll
4FGL J1644.5-4602c,fsrq,0.705,predicted_fsrq
4FGL J1644.8-2154c,bll,0.55,remains_bcu
4FGL J1646.0-0942,bll,0.885,predicted_bll
4FGL J1646.6+7422,bll,0.8710574229691876,predicted_bll
4FGL J1646.7-1330,bll,0.8495,predicted_bll
4FGL J1647.0+6040,bll,0.7694904458598725,predicted_bll
4FGL J1647.6-1210,fsrq,0.775,predicted_fsrq
4FGL J1648.0+2221,fsrq,0.9490080947511932,predicted_fsrq
4FGL J1648.1-2920,fsrq,0.615,remains_bcu
4FGL J1648.2+4232,fsrq,0.8047995495495496,predicted_fsrq
4FGL J1649.3+8252,bll,0.906,predicted_bll
4FGL J1649.6+0411,fsrq,0.815,predicted_fsrq
4FGL J1650.9+0429,bll,0.95,predicted_bll
4FGL J1651.0-1523,fsrq,0.520625,remains_bcu
4FGL J1654.0-3509,bll,0.73,predicted_bll
4FGL J1655.1-2239,bll,0.9641666666666668,predicted_bll
4FGL J1656.0+2047,fsrq,0.9594166666666668,predicted_fsrq
4FGL J1657.7-6120,bll,0.7576754658385093,predicted_bll
4FGL J1659.7-3131,bll,0.7043428385467502,predicted_bll
4FGL J1701.0+6613,fsrq,0.9949386503067484,predicted_fsrq
4FGL J1701.7-5621,fsrq,0.6047916666666667,remains_bcu
4FGL J1704.1+7647,fsrq,0.995,predicted_fsrq
4FGL J1705.3-6946,fsrq,0.62375,remains_bcu
4FGL J1706.1+1000,fsrq,0.989771983640082,predicted_fsrq
4FGL J1707.9+0016,bll,0.625,remains_bcu
4FGL J1709.0-3525,fsrq,0.5598995983935743,remains_bcu
4FGL J1710.1-2030,fsrq,0.5760000000000001,remains_bcu
4FGL J1710.3-3943,fsrq,0.665,remains_bcu
4FGL J1711.1+0242,bll,0.69,remains_bcu
4FGL J1711.1-4600c,fsrq,0.695,remains_bcu
4FGL J1711.6-5027,fsrq,0.8686363636363638,predicted_fsrq
4FGL J1712.5-3142,fsrq,0.815,predicted_fsrq
4FGL J1713.2-3417,bll,0.7445,predicted_bll
4FGL J1713.7+8844,bll,0.9698475609756098,predicted_bll
4FGL J1714.0-2029,bll,0.97,predicted_bll
4FGL J1715.0+2616,bll,0.5591666666666667,remains_bcu
4FGL J1715.4-4025,bll,0.9294049312407264,predicted_bll
4FGL J1716.3-3421,fsrq,0.625,remains_bcu
4FGL J1716.6-6707,bll,0.6682585034013607,remains_bcu
4FGL J1717.3-6045,bll,0.53,remains_bcu
4FGL J1718.0-3055,bll,0.8298649842619692,predicted_bll
4FGL J1719.3+1205,bll,0.965,predicted_bll
4FGL J1720.0-5101,fsrq,0.86,predicted_fsrq
4FGL J1720.2+3824,fsrq,0.7248275862068965,predicted_fsrq
4FGL J1723.6-7714,fsrq,0.799375,predicted_fsrq
4FGL J1725.4+5254,bll,0.8886937148217636,predicted_bll
4FGL J1727.2+0644,fsrq,0.9530662650602412,predicted_fsrq
4FGL J1727.9-0654,fsrq,0.8197975575772477,predicted_fsrq
4FGL J1728.5-7303,fsrq,0.9441784330011076,predicted_fsrq
4FGL J1728.6-7448,fsrq,0.81375,predicted_fsrq
4FGL J1730.6+3805,bll,0.905,predicted_bll
4FGL J1731.9-2719,bll,0.62,remains_bcu
4FGL J1733.4+1521,fsrq,0.765,predicted_fsrq
4FGL J1733.4-3943,bll,0.7542109854829704,predicted_bll
4FGL J1733.6-6054,fsrq,0.6047142857142858,remains_bcu
4FGL J1734.0+0805,fsrq,0.9596013527795392,predicted_fsrq
4FGL J1735.0-0132,bll,0.905,predicted_bll
4FGL J1735.4-1118,bll,0.9145045045045046,predicted_bll
4FGL J1735.8-5932,bll,0.857281650928636,predicted_bll
4FGL J1736.9-3357,fsrq,0.7,predicted_fsrq
4FGL J1737.6-1503,fsrq,0.9747329317269078,predicted_fsrq
4FGL J1738.0+8717,fsrq,0.655,remains_bcu
4FGL J1738.0+0236,fsrq,0.8398275862068965,predicted_fsrq
4FGL J1738.2+4000,bll,0.50225,remains_bcu
4FGL J1738.8+3822,bll,0.935,predicted_bll
4FGL J1738.8-3418,fsrq,0.5198995983935742,remains_bcu
4FGL J1741.5-3119,fsrq,0.5348995983935743,remains_bcu
4FGL J1741.8-2537,bll,0.85,predicted_bll
4FGL J1742.4-1518,fsrq,0.8547329317269078,predicted_fsrq
4FGL J1743.9-1824,fsrq,0.77,predicted_fsrq
4FGL J1744.1+4635,bll,0.92,predicted_bll
4FGL J1744.9-1727,bll,0.9595985401459852,predicted_bll
4FGL J1745.1+4731,bll,0.625,remains_bcu
4FGL J1745.1+4102,bll,0.575,remains_bcu
4FGL J1746.8-5235,fsrq,0.9598995983935744,predicted_fsrq
4FGL J1747.1-5453,fsrq,0.65,remains_bcu
4FGL J1747.4+2759,fsrq,0.9298333333333332,predicted_fsrq
4FGL J1747.6-5308,fsrq,0.55,remains_bcu
4FGL J1747.6-4211,fsrq,0.8488956710494407,predicted_fsrq
4FGL J1748.1+2702,bll,0.855,predicted_bll
4FGL J1748.5-0854,bll,0.924875,predicted_bll
4FGL J1749.0-2327,fsrq,0.8998333333333334,predicted_fsrq
4FGL J1751.6+2921,fsrq,0.8848684210526315,predicted_fsrq
4FGL J1751.6-1750,bll,0.8989684065934065,predicted_bll
4FGL J1752.1+4531,bll,0.515,remains_bcu
4FGL J1752.6-1010,fsrq,0.605,remains_bcu
4FGL J1753.3-3325,bll,0.505,remains_bcu
4FGL J1753.4-5913,bll,0.955,predicted_bll
4FGL J1753.6-5014,fsrq,0.9898995983935742,predicted_fsrq
4FGL J1754.7+3444,fsrq,0.9848995983935742,predicted_fsrq
4FGL J1756.9+1531,bll,0.5097826086956522,remains_bcu
4FGL J1758.2+6532,fsrq,0.605,remains_bcu
4FGL J1758.3+1429,bll,0.7945833333333334,predicted_bll
4FGL J1758.3-3028,bll,0.6532142857142857,remains_bcu
4FGL J1758.7-1621,fsrq,0.755,predicted_fsrq
4FGL J1759.1-4822,bll,0.55,remains_bcu
4FGL J1759.1-3849,bll,0.68,remains_bcu
4FGL J1800.1+2812,bll,0.945,predicted_bll
4FGL J1801.5+2123,bll,0.56,remains_bcu
4FGL J1801.8+2951,bll,0.99,predicted_bll
4FGL J1803.5+2756,bll,0.7242916666666668,predicted_bll
4FGL J1804.4+5249,bll,0.905,predicted_bll
4FGL J1806.2+6143,fsrq,0.95,predicted_fsrq
4FGL J1806.3+5345,fsrq,0.8148098548038307,predicted_fsrq
4FGL J1806.9-8038,bll,0.804,predicted_bll
4FGL J1808.8+2419,bll,0.97,predicted_bll
4FGL J1809.6-2443,bll,0.93,predicted_bll
4FGL J1810.0-4550,fsrq,0.72,predicted_fsrq
4FGL J1811.2-2759,bll,0.99,predicted_bll
4FGL J1812.9+4249,fsrq,0.875,predicted_fsrq
4FGL J1815.2-2715,bll,0.584375,remains_bcu
4FGL J1816.7+0951,bll,0.63,remains_bcu
4FGL J1817.9+2707,fsrq,0.785,predicted_fsrq
4FGL J1821.6+6819,fsrq,0.9897680194462058,predicted_fsrq
4FGL J1822.0+1600,fsrq,0.8948275862068965,predicted_fsrq
4FGL J1823.3-3720,fsrq,0.79,predicted_fsrq
4FGL J1823.6-3453,bll,0.995,predicted_bll
4FGL J1824.5+0107,fsrq,0.8945049153669895,predicted_fsrq
4FGL J1824.5+4311,bll,0.968846153846154,predicted_bll
4FGL J1825.1-5231,fsrq,0.995,predicted_fsrq
4FGL J1826.0-5037,bll,0.965,predicted_bll
4FGL J1826.1-2922,fsrq,0.58,remains_bcu
4FGL J1827.5+2015,bll,0.955,predicted_bll
4FGL J1827.6-4029,fsrq,0.675,remains_bcu
4FGL J1828.0+2634,bll,0.995,predicted_bll
4FGL J1828.5-5920,bll,0.9348475609756096,predicted_bll
4FGL J1828.7+3230,bll,0.52,remains_bcu
4FGL J1829.1+2729,fsrq,0.9946944642602368,predicted_fsrq
4FGL J1829.9+3934,bll,0.928846153846154,predicted_bll
4FGL J1830.0+3958,fsrq,0.985,predicted_fsrq
4FGL J1830.2-4443,fsrq,1.0,predicted_fsrq
4FGL J1830.7-2713,bll,0.7540850470269409,predicted_bll
4FGL J1835.7-0541,bll,0.5,remains_bcu
4FGL J1836.5+1948,bll,0.955,predicted_bll
4FGL J1837.0+5347,fsrq,0.8048979591836735,predicted_fsrq
4FGL J1837.3+1052,fsrq,0.705,predicted_fsrq
4FGL J1837.4-1646,fsrq,0.9097329317269076,predicted_fsrq
4FGL J1838.9-3457,fsrq,0.6678333333333333,remains_bcu
4FGL J1840.3-3037,fsrq,0.765,predicted_fsrq
4FGL J1840.5+3707,fsrq,0.9298275862068964,predicted_fsrq
4FGL J1840.6-5545,fsrq,0.8698995983935742,predicted_fsrq
4FGL J1841.0+6115,fsrq,0.82,predicted_fsrq
4FGL J1842.4+7613,fsrq,0.835,predicted_fsrq
4FGL J1843.8-2011,fsrq,0.575,remains_bcu
4FGL J1844.8-3248,bll,0.93,predicted_bll
4FGL J1845.0+1613,bll,0.5000053475935828,remains_bcu
4FGL J1846.7+7238,bll,0.9842105263157894,predicted_bll
4FGL J1847.6+5219,bll,0.8225633625265393,predicted_bll
4FGL J1848.1-4230,bll,0.7247826086956521,predicted_bll
4FGL J1848.6-2711,fsrq,0.8481666666666666,predicted_fsrq
4FGL J1849.3-6447,bll,0.98,predicted_bll
4FGL J1850.1-0758,bll,0.8892857142857143,predicted_bll
4FGL J1851.5+3406,bll,0.5508333333333333,remains_bcu
4FGL J1855.8-2028,bll,0.7,predicted_bll
4FGL J1857.8+3544,bll,0.9544444444444444,predicted_bll
4FGL J1857.9+0313c,fsrq,0.6283333333333333,remains_bcu
4FGL J1858.1-1821,bll,0.820952380952381,predicted_bll
4FGL J1858.1+7318,bll,0.9548475609756096,predicted_bll
4FGL J1858.3-2511,fsrq,0.9893333333333334,predicted_fsrq
4FGL J1858.5+0640,bll,0.55,remains_bcu
4FGL J1859.0+2329,bll,0.835,predicted_bll
4FGL J1901.0+6208,fsrq,0.6509999999999999,remains_bcu
4FGL J1901.0-1739,bll,0.555,remains_bcu
4FGL J1901.7-5140,bll,0.565,remains_bcu
4FGL J1902.4-0629,bll,0.95,predicted_bll
4FGL J1906.7+5419,fsrq,0.5071538461538462,remains_bcu
4FGL J1907.2+0126,bll,0.6685918367346939,remains_bcu
4FGL J1907.7-1232,fsrq,0.61,remains_bcu
4FGL J1909.5+3511,bll,0.833448948948949,predicted_bll
4FGL J1909.7-2140,bll,0.57,remains_bcu
4FGL J1910.0-2453,bll,0.6195918367346939,remains_bcu
4FGL J1911.5+0311,bll,0.91,predicted_bll
4FGL J1912.0+1612,fsrq,0.6427777777777777,remains_bcu
4FGL J1912.1-0803,fsrq,0.86457451402912,predicted_fsrq
4FGL J1912.4-1222,fsrq,0.9115880041906758,predicted_fsrq
4FGL J1912.7-1250,bll,0.7520918367346938,predicted_bll
4FGL J1913.2+0512,fsrq,0.8447329317269078,predicted_fsrq
4FGL J1913.4-3629,fsrq,0.725,predicted_fsrq
4FGL J1915.3+1149,fsrq,0.82,predicted_fsrq
4FGL J1916.7-1516,fsrq,0.9797329317269078,predicted_fsrq
4FGL J1916.8+4201,bll,0.52,remains_bcu
4FGL J1917.7-6442,bll,0.675,remains_bcu
4FGL J1917.7-6930,bll,0.5797342436974791,remains_bcu
4FGL J1918.1+3752,bll,0.9740193071360836,predicted_bll
4FGL J1919.2+0618,fsrq,0.76,predicted_fsrq
4FGL J1921.7+5817,bll,0.92,predicted_bll
4FGL J1922.2+2314,bll,0.8090901277262565,predicted_bll
4FGL J1922.5-7453,bll,0.96974069404538,predicted_bll
4FGL J1922.6-6324,fsrq,0.615,remains_bcu
4FGL J1923.4-2503,bll,0.963846153846154,predicted_bll
4FGL J1924.3-5458,bll,0.67,remains_bcu
4FGL J1925.0+2815,bll,0.975,predicted_bll
4FGL J1925.7+1227,fsrq,0.9268280984719866,predicted_fsrq
4FGL J1930.3+0911,fsrq,0.9787329317269076,predicted_fsrq
4FGL J1931.2+5958,bll,0.93,predicted_bll
4FGL J1931.3-1556,bll,0.78875,predicted_bll
4FGL J1931.5+5229,bll,0.51,remains_bcu
4FGL J1933.9-1025,bll,0.535,remains_bcu
4FGL J1934.2+6002,bll,0.917027048155097,predicted_bll
4FGL J1937.0+8354,bll,0.9,predicted_bll
4FGL J1937.2-4217,bll,0.5146922383411195,remains_bcu
4FGL J1939.8-4928,bll,0.8879639827534207,predicted_bll
4FGL J1941.7+7218,fsrq,0.9798995983935742,predicted_fsrq
4FGL J1942.1+4011,bll,0.7298913485330506,predicted_bll
4FGL J1942.5-5827,bll,0.9384412614347616,predicted_bll
4FGL J1943.6-0533,bll,0.945,predicted_bll
4FGL J1943.9-2705,bll,0.72125,predicted_bll
4FGL J1944.0+2117,bll,0.845,predicted_bll
4FGL J1944.2+3921,bll,0.8389430320150659,predicted_bll
4FGL J1945.1-4007,bll,0.615,remains_bcu
4FGL J1945.5-0153,fsrq,0.58,remains_bcu
4FGL J1946.0+0937,bll,0.9343795045045044,predicted_bll
4FGL J1946.4+6031,bll,0.891138159266208,predicted_bll
4FGL J1948.3+1207,fsrq,0.6995,remains_bcu
4FGL J1949.0+1314,fsrq,0.836976979345955,predicted_fsrq
4FGL J1949.2+7250,fsrq,0.9898280984719864,predicted_fsrq
4FGL J1949.4+1247,fsrq,0.7775,predicted_fsrq
4FGL J1949.5+7311,fsrq,0.9148995983935744,predicted_fsrq
4FGL J1949.9-6134,fsrq,0.705,predicted_fsrq
4FGL J1950.0-7321,bll,0.7546157571070851,predicted_bll
4FGL J1950.6+3456,bll,0.978846153846154,predicted_bll
4FGL J1950.8+1211,fsrq,0.7548995983935742,predicted_fsrq
4FGL J1951.2-0951,fsrq,0.585,remains_bcu
4FGL J1951.6-4624,bll,0.819971098265896,predicted_bll
4FGL J1953.0+7651,bll,0.8679958217778426,predicted_bll
4FGL J1953.0-7025,bll,0.9675726495726495,predicted_bll
4FGL J1956.1+0234,bll,0.9495045045045046,predicted_bll
4FGL J1958.1+2438,bll,0.9694070512820512,predicted_bll
4FGL J1958.1-0711,bll,0.868965808444467,predicted_bll
4FGL J1959.0+3844,fsrq,0.9836912650602408,predicted_fsrq
4FGL J2000.0+4214,fsrq,0.915,predicted_fsrq
4FGL J2000.9+6614,bll,0.8343835034013606,predicted_bll
4FGL J2001.5-0818,bll,0.6198076923076923,remains_bcu
4FGL J2001.9-5737,bll,0.9546528748226724,predicted_bll
4FGL J2003.6+2333,fsrq,0.7132329317269077,predicted_fsrq
4FGL J2007.2-1433,fsrq,0.745,predicted_fsrq
4FGL J2007.3-7728,fsrq,0.7148995983935742,predicted_fsrq
4FGL J2009.9+3544,fsrq,0.5634166666666667,remains_bcu
4FGL J2013.0-3717,bll,0.6248076923076923,remains_bcu
4FGL J2013.0-3828,bll,0.5433333333333333,remains_bcu
4FGL J2015.0+1621,fsrq,0.6,remains_bcu
4FGL J2016.3-2331,bll,0.7825779478458049,predicted_bll
4FGL J2017.5-4113,bll,0.9390682259825028,predicted_bll
4FGL J2018.5+3852,bll,0.84,predicted_bll
4FGL J2021.4-2048,fsrq,0.9545,predicted_fsrq
4FGL J2022.0-7224,bll,0.993971098265896,predicted_bll
4FGL J2023.2+3153,bll,0.8394904458598725,predicted_bll
4FGL J2023.4+4127,bll,0.7937585034013604,predicted_bll
4FGL J2023.6-0123,bll,0.6774192176870748,remains_bcu
4FGL J2024.7-2328,bll,0.775,predicted_bll
4FGL J2024.8-6459,fsrq,0.7393091092375366,predicted_fsrq
4FGL J2024.8+2734,bll,0.9838461538461538,predicted_bll
4FGL J2025.3-2231,bll,0.9019070512820512,predicted_bll
4FGL J2026.1+7645,bll,0.9998475609756098,predicted_bll
4FGL J2026.6+3449,bll,0.9224232823210584,predicted_bll
4FGL J2029.1-1839,fsrq,0.6181091549295775,remains_bcu
4FGL J2030.8-6959,bll,0.905849197371256,predicted_bll
4FGL J2030.9-1621,bll,0.9444615441257684,predicted_bll
4FGL J2031.1-2615,bll,0.8725,predicted_bll
4FGL J2031.2-4121,fsrq,0.745,predicted_fsrq
4FGL J2031.8+1619,fsrq,0.6,remains_bcu
4FGL J2031.9+2403,bll,0.88,predicted_bll
4FGL J2032.3-5816,bll,0.625,remains_bcu
4FGL J2033.7+6308,bll,0.959,predicted_bll
4FGL J2034.9-0450,bll,0.69125,remains_bcu
4FGL J2035.9+4901,bll,0.947381978802919,predicted_bll
4FGL J2037.9-0504,bll,0.92,predicted_bll
4FGL J2039.3+2150,fsrq,0.9071291503731096,predicted_fsrq
4FGL J2040.0-5737,bll,0.735,predicted_bll
4FGL J2040.0+1237,bll,0.80375,predicted_bll
4FGL J2040.1-4621,bll,0.9996666666666668,predicted_bll
4FGL J2040.5-1705,fsrq,0.9341098484848486,predicted_fsrq
4FGL J2042.1+4209,fsrq,0.72,predicted_fsrq
4FGL J2042.6+1629,bll,0.9295045045045046,predicted_bll
4FGL J2042.7-5415,fsrq,0.51,remains_bcu
4FGL J2042.7-0155,bll,0.789375,predicted_bll
4FGL J2044.0+1036,bll,0.71,predicted_bll
4FGL J2045.1-2346,bll,0.939846098265896,predicted_bll
4FGL J2046.9-0235,fsrq,0.935,predicted_fsrq
4FGL J2047.9-3122,bll,0.9638458461979976,predicted_bll
4FGL J2049.0+1647,bll,0.888776160145587,predicted_bll
4FGL J2049.0-4020,bll,0.63,remains_bcu
4FGL J2049.9-2453,bll,0.5553333333333333,remains_bcu
4FGL J2052.2-5533,fsrq,0.8797142857142856,predicted_fsrq
4FGL J2054.0+7024,bll,0.7987728026533997,predicted_bll
4FGL J2054.5+4731,bll,0.975,predicted_bll
4FGL J2055.1-1028,bll,0.5890672383411196,remains_bcu
4FGL J2056.4-4904,fsrq,0.93,predicted_fsrq
4FGL J2056.5-0202,fsrq,0.9793434307425066,predicted_fsrq
4FGL J2056.7+4939,bll,0.9998475609756098,predicted_bll
4FGL J2057.4-0723,fsrq,0.9998333333333334,predicted_fsrq
4FGL J2059.1-4103,fsrq,0.7333333333333333,predicted_fsrq
4FGL J2100.0+2103,fsrq,0.731,predicted_fsrq
4FGL J2101.3+0912,bll,0.968846153846154,predicted_bll
4FGL J2102.3+4702,bll,0.76,predicted_bll
4FGL J2103.0+0342,fsrq,0.8949386503067484,predicted_fsrq
4FGL J2103.4-7816,fsrq,0.505,remains_bcu
4FGL J2103.7-1112,bll,0.6811666666666667,remains_bcu
4FGL J2104.0-3546,fsrq,0.8499662162162162,predicted_fsrq
4FGL J2104.7+0108,bll,0.8875755907928338,predicted_bll
4FGL J2105.2-5143,fsrq,0.604,remains_bcu
4FGL J2106.7+3549,fsrq,0.8427499999999999,predicted_fsrq
4FGL J2106.9+2455,fsrq,0.9242329317269076,predicted_fsrq
4FGL J2107.1-1453,fsrq,0.6386886503067485,remains_bcu
4FGL J2107.6-4148,bll,0.555,remains_bcu
4FGL J2107.9+6006,fsrq,0.7947975575772478,predicted_fsrq
4FGL J2108.2-2454,fsrq,0.9292573099415204,predicted_fsrq
4FGL J2108.3-4824,fsrq,0.73,predicted_fsrq
4FGL J2108.7+7532c,fsrq,0.605,remains_bcu
4FGL J2109.8-8618,bll,0.994971098265896,predicted_bll
4FGL J2110.3+0404,bll,0.9539528861171104,predicted_bll
4FGL J2112.9-4818,bll,0.5181746031746032,remains_bcu
4FGL J2113.9+1120,fsrq,0.9998983277261032,predicted_fsrq
4FGL J2114.7-2538,fsrq,0.8290000000000001,predicted_fsrq
4FGL J2114.7+3130,fsrq,0.5693201754385965,remains_bcu
4FGL J2115.6-4938,bll,0.9747935336133652,predicted_bll
4FGL J2115.8+6753,bll,0.9598475609756096,predicted_bll
4FGL J2116.3+1015,fsrq,0.55,remains_bcu
4FGL J2117.4+6159c,fsrq,0.725,predicted_fsrq
4FGL J2117.8-1521,bll,0.6488076923076923,remains_bcu
4FGL J2118.2+5752,fsrq,0.995,predicted_fsrq
4FGL J2118.2-5419,bll,0.944971098265896,predicted_bll
4FGL J2119.0-3317,bll,0.6,remains_bcu
4FGL J2119.4+4652c,bll,0.835,predicted_bll
4FGL J2119.5-4541,fsrq,0.7095,predicted_fsrq
4FGL J2120.6-1254,fsrq,0.7412143903324885,predicted_fsrq
4FGL J2120.7+4428,fsrq,0.7547127739984884,predicted_fsrq
4FGL J2123.8-3148,fsrq,0.8697916666666667,predicted_fsrq
4FGL J2126.5+1842,bll,0.919875,predicted_bll
4FGL J2127.5+7420,fsrq,0.8097271846004708,predicted_fsrq
4FGL J2127.5-5744,bll,0.8920078414048263,predicted_bll
4FGL J2128.7-1940,bll,0.875,predicted_bll
4FGL J2130.0+2610,bll,0.820745024875622,predicted_bll
4FGL J2130.4-4241,fsrq,0.88,predicted_fsrq
4FGL J2130.8-6623,bll,0.5,remains_bcu
4FGL J2132.0-5418,fsrq,0.8863563009707006,predicted_fsrq
4FGL J2133.0+2610,fsrq,0.835,predicted_fsrq
4FGL J2133.6+8002,bll,0.8813333333333333,predicted_bll
4FGL J2133.6+1439,fsrq,0.8073333333333332,predicted_fsrq
4FGL J2134.3-6511,bll,0.7748475609756098,predicted_bll
4FGL J2136.2-0642,fsrq,0.599,remains_bcu
4FGL J2136.5+4259,fsrq,0.96,predicted_fsrq
4FGL J2137.4-3209,bll,0.914971098265896,predicted_bll
4FGL J2138.3+3556,bll,0.975,predicted_bll
4FGL J2138.3-4933,fsrq,0.9127912087912088,predicted_fsrq
4FGL J2139.1+3724,fsrq,0.865,predicted_fsrq
4FGL J2139.2-2214,fsrq,0.7148979591836735,predicted_fsrq
4FGL J2139.9+3910,fsrq,0.9477164280845264,predicted_fsrq
4FGL J2140.5-6731,fsrq,0.915,predicted_fsrq
4FGL J2141.7-6410,fsrq,0.9145454545454546,predicted_fsrq
4FGL J2142.1+4501,bll,0.9998475609756098,predicted_bll
4FGL J2142.4+3659,bll,0.9743333333333334,predicted_bll
4FGL J2142.5-2552,bll,0.7349071125265393,predicted_bll
4FGL J2142.8+1958,bll,0.985,predicted_bll
4FGL J2143.0-5501,fsrq,0.66,remains_bcu
4FGL J2143.9+3337,bll,0.894235294117647,predicted_bll
4FGL J2144.8-1817,bll,0.8949710982658959,predicted_bll
4FGL J2146.8+0425,fsrq,0.94,predicted_fsrq
4FGL J2148.9-0121,bll,0.735,predicted_bll
4FGL J2149.1+6104,fsrq,0.9998995983935742,predicted_fsrq
4FGL J2149.7+1917,fsrq,0.9449386503067484,predicted_fsrq
4FGL J2155.3+6602,fsrq,0.9448979591836736,predicted_fsrq
4FGL J2158.5-7550,fsrq,0.52,remains_bcu
4FGL J2159.8-4751,fsrq,0.9598995983935744,predicted_fsrq
4FGL J2200.7-2414,bll,0.8981085526315788,predicted_bll
4FGL J2201.0-5907,bll,0.9,predicted_bll
4FGL J2201.5+2950,bll,0.8647824091793942,predicted_bll
4FGL J2203.6+6751,fsrq,0.8398995983935742,predicted_fsrq
4FGL J2205.0+7432,fsrq,0.625,remains_bcu
4FGL J2207.0+3607,bll,0.905,predicted_bll
4FGL J2207.1+4316,bll,0.9398475609756096,predicted_bll
4FGL J2208.1-4507,bll,0.8098186592415056,predicted_bll
4FGL J2209.4+4329,fsrq,0.8937420833078559,predicted_fsrq
4FGL J2209.8-5028,bll,0.6151818181818182,remains_bcu
4FGL J2210.5+3623,bll,0.7436805555555556,predicted_bll
4FGL J2210.8+3203,bll,0.825,predicted_bll
4FGL J2211.9+0821,bll,0.509,remains_bcu
4FGL J2212.2-7251,fsrq,0.7352698412698412,predicted_fsrq
4FGL J2213.9+5948c,fsrq,0.7572855854462998,predicted_fsrq
4FGL J2215.4+6105,fsrq,0.9645892242439146,predicted_fsrq
4FGL J2218.6+1941,fsrq,0.705,predicted_fsrq
4FGL J2221.8+3358,bll,0.7392947806753776,predicted_bll
4FGL J2222.8+1209,fsrq,0.659375,remains_bcu
4FGL J2223.0+6746,fsrq,0.5431308909105811,remains_bcu
4FGL J2223.4+5814,fsrq,0.845,predicted_fsrq
4FGL J2224.3+7737,fsrq,0.6482329317269077,remains_bcu
4FGL J2224.5+0353,bll,0.9544155427103403,predicted_bll
4FGL J2226.5+6901c,bll,0.97,predicted_bll
4FGL J2226.6+0210,bll,0.963846153846154,predicted_bll
4FGL J2228.0-1918,fsrq,0.8791666666666665,predicted_fsrq
4FGL J2228.0-4155,bll,0.9143044315992293,predicted_bll
4FGL J2228.5+2211,bll,0.5745833333333333,remains_bcu
4FGL J2229.2-6911,fsrq,0.6031676136363636,remains_bcu
4FGL J2229.5+2549,bll,0.525,remains_bcu
4FGL J2231.6+2754,bll,0.95,predicted_bll
4FGL J2232.3+7616,bll,0.7834866737894371,predicted_bll
4FGL J2232.3+6246,fsrq,0.8132329317269077,predicted_fsrq
4FGL J2233.9-1229,bll,0.8288461538461539,predicted_bll
4FGL J2235.1-0623,bll,0.8695254065040652,predicted_bll
4FGL J2236.4-2309,fsrq,0.979625,predicted_fsrq
4FGL J2237.4+5124,bll,0.7570422335600907,predicted_bll
4FGL J2239.5-2440,bll,0.795,predicted_bll
4FGL J2240.3-1246,bll,0.94,predicted_bll
4FGL J2240.4+5133,fsrq,1.0,predicted_fsrq
4FGL J2240.7-4746,bll,0.9142994564748512,predicted_bll
4FGL J2240.9-1825,fsrq,0.5548181818181819,remains_bcu
4FGL J2241.1-4122,bll,0.8949710982658959,predicted_bll
4FGL J2241.3+2943,bll,0.7441963282128137,predicted_bll
4FGL J2241.5+0454,bll,0.77,predicted_bll
4FGL J2243.5-3931,fsrq,0.6117857142857143,remains_bcu
4FGL J2243.5+3220,bll,0.931846153846154,predicted_bll
4FGL J2243.8-2510,fsrq,0.93,predicted_fsrq
4FGL J2245.5-1734,bll,0.895,predicted_bll
4FGL J2247.1+4658,bll,0.704246935859839,predicted_bll
4FGL J2248.7-4302,bll,0.7740438034188034,predicted_bll
4FGL J2249.7-5944,bll,0.8625406597962568,predicted_bll
4FGL J2249.9+0452,bll,0.64,remains_bcu
4FGL J2250.0-1250,fsrq,0.8549500000000001,predicted_fsrq
4FGL J2251.2+5550,fsrq,0.749375,predicted_fsrq
4FGL J2251.7-3208,bll,0.89,predicted_bll
4FGL J2252.0+8149,fsrq,0.8798275862068965,predicted_fsrq
4FGL J2253.2-1232,fsrq,0.8946905369161032,predicted_fsrq
4FGL J2253.3+3233,bll,0.6394505494505495,remains_bcu
4FGL J2254.2+4305,fsrq,0.5148979591836735,remains_bcu
4FGL J2256.4-7119,bll,0.935,predicted_bll
4FGL J2258.5-8247,bll,0.9004294198264049,predicted_bll
4FGL J2259.8-1552,bll,0.7041326594123554,predicted_bll
4FGL J2300.8-0736,bll,0.9146377649325628,predicted_bll
4FGL J2300.9+7108,bll,0.9248224353474692,predicted_bll
4FGL J2301.7+0608,fsrq,0.8748188323489323,predicted_fsrq
4FGL J2304.3+0618,fsrq,0.845,predicted_fsrq
4FGL J2305.6-4214,bll,0.565,remains_bcu
4FGL J2306.6+0940,bll,0.5835185185185185,remains_bcu
4FGL J2306.8-3036,bll,0.7233333333333334,predicted_bll
4FGL J2307.5+8629c,fsrq,0.775,predicted_fsrq
4FGL J2307.7+6712,bll,0.9646666666666668,predicted_bll
4FGL J2308.6-4555,fsrq,0.5448995983935743,remains_bcu
4FGL J2308.9+1111,bll,0.7145918367346938,predicted_bll
4FGL J2310.3-7354,fsrq,0.8595,predicted_fsrq
4FGL J2311.7+2604,fsrq,0.944818181818182,predicted_fsrq
4FGL J2312.2-6536,bll,0.7145918367346938,predicted_bll
4FGL J2312.5+7241,fsrq,0.9795193635322276,predicted_fsrq
4FGL J2313.4-6922,bll,0.9743333333333334,predicted_bll
4FGL J2313.5+3945,fsrq,1.0,predicted_fsrq
4FGL J2313.9-4501,fsrq,0.87,predicted_fsrq
4FGL J2317.0+3756,fsrq,0.7794444444444444,predicted_fsrq
4FGL J2318.2+1915,fsrq,0.9199596774193548,predicted_fsrq
4FGL J2319.6-0456,bll,0.964971098265896,predicted_bll
4FGL J2321.0+2836,fsrq,0.6689583333333333,remains_bcu
4FGL J2321.4+5111,bll,0.9698475609756098,predicted_bll
4FGL J2322.4-2906,fsrq,0.501,remains_bcu
4FGL J2322.6-0735,fsrq,0.8927777777777777,predicted_fsrq
4FGL J2325.2-2010,bll,0.934971098265896,predicted_bll
4FGL J2325.7+1821,fsrq,0.8199386503067484,predicted_fsrq
4FGL J2325.9+6206c,fsrq,0.8447916666666667,predicted_fsrq
4FGL J2326.2+0113,bll,0.51,remains_bcu
4FGL J2327.5-3259,fsrq,0.8297916666666667,predicted_fsrq
4FGL J2327.8-5626,bll,0.639375,remains_bcu
4FGL J2329.7+6101,bll,0.9809815440830542,predicted_bll
4FGL J2330.2+7759,fsrq,0.7193796992481203,predicted_fsrq
4FGL J2330.3-2332,bll,0.77,predicted_bll
4FGL J2330.4+1230,bll,0.6389116915422886,remains_bcu
4FGL J2331.1-1653,fsrq,0.8575,predicted_fsrq
4FGL J2331.2-3839,bll,0.8798475609756098,predicted_bll
4FGL J2331.5-0258,bll,0.92,predicted_bll
4FGL J2333.9-2343,fsrq,0.8447916666666667,predicted_fsrq
4FGL J2334.0-2528,bll,0.7097916666666667,predicted_bll
4FGL J2335.9-5811,bll,0.9348186592415056,predicted_bll
4FGL J2336.2-3136,bll,0.7,predicted_bll
4FGL J2336.6+2356,bll,0.9498186592415055,predicted_bll
4FGL J2336.9-5859,bll,0.5645918367346939,remains_bcu
4FGL J2339.3-2656,fsrq,0.585,remains_bcu
4FGL J2339.6+0242,fsrq,0.9498591549295774,predicted_fsrq
4FGL J2340.5+3854,bll,0.885,predicted_bll
4FGL J2343.7-5624,fsrq,0.595,remains_bcu
4FGL J2345.9+3413,bll,0.985,predicted_bll
4FGL J2347.9+5436,bll,0.9998475609756098,predicted_bll
4FGL J2348.1-4934,fsrq,0.595,remains_bcu
4FGL J2348.3-6049,bll,0.7434201949436491,predicted_bll
4FGL J2350.9-1416,bll,0.8949710982658959,predicted_bll
4FGL J2351.7-3416,fsrq,0.77,predicted_fsrq
4FGL J2352.1-4301,fsrq,0.97,predicted_fsrq
4FGL J2352.9+3031,bll,0.5447916666666667,remains_bcu
4FGL J2353.1-4806,bll,0.8583432908936942,predicted_bll
4FGL J2353.5+6646,fsrq,0.72,predicted_fsrq
4FGL J2353.8-3911,bll,0.8381339703754762,predicted_bll
4FGL J2355.7-3351,fsrq,0.6848333333333333,remains_bcu
4FGL J2357.0-4840,bll,0.9084595543345544,predicted_bll
4FGL J2358.0-4601,fsrq,0.9043229166666668,predicted_fsrq
4FGL J2358.1-2853,bll,0.695,remains_bcu
4FGL J2358.4+6547,fsrq,0.6702857142857144,remains_bcu
4FGL J2359.1+1719,bll,0.9136438114485071,predicted_bll
4FGL J2359.3+0215,bll,0.9598186592415056,predicted_bll
4FGL J2359.7-5041,fsrq,0.765,predicted_fsrq
4FGL J2359.9-3736,bll,0.8175493160592042,predicted_bll
4FGL J2359.9+3145,bll,0.9999459726377552,predicted_bll
